C,0.650273,0.101362,2.000000,2.000000
C,0.406593,0.094273,1.000000,4.000000
C,0.330435,0.092623,1.000000,2.000000
C,0.330396,0.092825,7.000000,3.000000
C,0.606299,0.114079,2.000000,2.000000
C,0.430769,0.116397,2.000000,3.000000
C,0.575342,0.094604,1.000000,4.000000
C,0.532710,0.100497,2.000000,2.000000
C,0.448276,0.109327,1.000000,2.000000
C,0.498069,0.082853,2.000000,4.000000
C,0.258278,0.092432,2.000000,4.000000
C,0.446154,0.111997,2.000000,4.000000
C,0.575342,0.093388,1.000000,4.000000
C,0.662162,0.112976,2.000000,4.000000
C,0.495146,0.115262,2.000000,2.000000
C,0.576159,0.096085,3.000000,4.000000
C,0.449275,0.105826,3.000000,4.000000
C,0.512821,0.103803,2.000000,2.000000
C,0.552000,0.093328,2.000000,2.000000
C,0.357955,0.087124,2.000000,4.000000
C,0.294798,0.080187,5.000000,3.000000
C,0.450549,0.119024,1.000000,2.000000
C,0.462963,0.092168,1.000000,4.000000
C,0.460606,0.117170,1.000000,2.000000
C,0.463636,0.095080,1.000000,4.000000
C,0.449438,0.106995,1.000000,2.000000
C,0.492754,0.106696,2.000000,2.000000
C,0.362069,0.093266,2.000000,2.000000
C,0.538462,0.093664,3.000000,4.000000
C,0.410853,0.089512,1.000000,2.000000
C,0.442857,0.111615,2.000000,4.000000
C,0.416667,0.108918,2.000000,3.000000
C,0.617188,0.114958,2.000000,2.000000
C,0.394737,0.098827,1.000000,2.000000
C,0.439394,0.119326,2.000000,2.000000
C,0.186207,0.139823,1.000000,2.000000
C,0.465753,0.111103,2.000000,4.000000
C,0.396947,0.098279,2.000000,2.000000
C,0.387013,0.111631,3.000000,2.000000
C,0.455752,0.080200,7.000000,4.000000
C,0.465753,0.112805,2.000000,4.000000
C,0.529412,0.098749,2.000000,4.000000
C,0.448718,0.107487,1.000000,2.000000
C,0.607843,0.088731,2.000000,4.000000
C,0.421569,0.095769,2.000000,2.000000
C,0.390805,0.093163,1.000000,2.000000
C,0.363636,0.094997,2.000000,4.000000
C,0.362069,0.094094,2.000000,2.000000
C,0.502825,0.093841,2.000000,4.000000
C,0.601399,0.096805,2.000000,2.000000
C,0.450382,0.087144,3.000000,4.000000
C,0.611111,0.110940,1.000000,2.000000
C,0.396947,0.096023,2.000000,2.000000
C,0.386207,0.125956,2.000000,4.000000
C,0.544554,0.101029,2.000000,4.000000
C,0.406250,0.102899,2.000000,2.000000
C,0.375000,0.101171,2.000000,2.000000
C,0.439759,0.098590,2.000000,2.000000
C,0.543307,0.097703,1.000000,2.000000
C,0.456897,0.111412,2.000000,4.000000
C,0.597484,0.098774,3.000000,4.000000
C,0.457364,0.089191,2.000000,4.000000
C,0.551515,0.098523,2.000000,2.000000
C,0.488987,0.099722,2.000000,2.000000
C,0.395349,0.098784,2.000000,2.000000
C,0.449664,0.097370,3.000000,4.000000
C,0.455752,0.080200,7.000000,4.000000
C,0.611111,0.110777,1.000000,2.000000
C,0.448276,0.106815,2.000000,4.000000
C,0.530864,0.120590,1.000000,2.000000
C,0.466292,0.092379,1.000000,2.000000
C,0.490385,0.107234,4.000000,2.000000
C,0.476923,0.100101,1.000000,4.000000
C,0.313187,0.083744,2.000000,4.000000
C,0.500000,0.100478,2.000000,2.000000
C,0.493671,0.090557,4.000000,2.000000
C,0.551724,0.111011,6.000000,4.000000
C,0.549020,0.108229,3.000000,3.000000
C,0.514852,0.094487,2.000000,4.000000
C,0.554878,0.097686,2.000000,2.000000
C,0.384058,0.094520,1.000000,2.000000
C,0.452830,0.111500,1.000000,2.000000
C,0.428571,0.100223,2.000000,2.000000
C,0.595628,0.087937,1.000000,2.000000
C,0.452830,0.111500,1.000000,2.000000
C,0.380471,0.105098,2.000000,4.000000
C,0.557971,0.107289,2.000000,4.000000
C,0.539185,0.091428,3.000000,4.000000
C,0.387283,0.094883,1.000000,2.000000
C,0.518828,0.085432,2.000000,4.000000
C,0.446154,0.113904,2.000000,4.000000
C,0.503067,0.092887,1.000000,4.000000
C,0.460938,0.089621,3.000000,4.000000
C,0.625806,0.088863,7.000000,4.000000
C,0.342857,0.094676,1.000000,4.000000
C,0.544304,0.096504,1.000000,2.000000
C,0.600000,0.096426,5.000000,4.000000
C,0.411111,0.093531,2.000000,2.000000
C,0.538012,0.112184,1.000000,2.000000
C,0.515337,0.114626,2.000000,2.000000
C,0.597765,0.101389,1.000000,4.000000
C,0.354610,0.086799,2.000000,4.000000
C,0.484211,0.111808,2.000000,2.000000
C,0.497835,0.096299,2.000000,4.000000
C,0.474860,0.096794,2.000000,2.000000
C,0.598485,0.084472,2.000000,4.000000
C,0.527273,0.104456,1.000000,3.000000
C,0.600000,0.109346,2.000000,4.000000
C,0.412698,0.091466,1.000000,4.000000
C,0.392694,0.097342,8.000000,4.000000
C,0.371728,0.085756,3.000000,2.000000
C,0.435294,0.095750,2.000000,2.000000
C,0.453608,0.092260,1.000000,4.000000
C,0.469697,0.101732,3.000000,4.000000
C,0.348485,0.095237,1.000000,4.000000
C,0.419355,0.089521,3.000000,3.000000
C,0.353933,0.103601,2.000000,4.000000
C,0.531250,0.097155,3.000000,4.000000
C,0.588235,0.085180,2.000000,4.000000
C,0.607843,0.089697,2.000000,4.000000
C,0.380682,0.103776,2.000000,4.000000
C,0.367816,0.095300,2.000000,4.000000
C,0.311475,0.083208,1.000000,4.000000
C,0.327511,0.097729,2.000000,4.000000
C,0.380471,0.104899,2.000000,4.000000
C,0.494949,0.116483,2.000000,2.000000
C,0.539683,0.096254,3.000000,3.000000
C,0.595745,0.110213,4.000000,2.000000
C,0.484848,0.099647,2.000000,4.000000
C,0.454545,0.119047,2.000000,2.000000
C,0.486842,0.100985,2.000000,2.000000
C,0.345588,0.103318,2.000000,2.000000
C,0.457364,0.089420,3.000000,4.000000
C,0.581699,0.094571,5.000000,4.000000
C,0.419355,0.087317,3.000000,4.000000
C,0.500000,0.091895,3.000000,2.000000
C,0.532710,0.099606,2.000000,2.000000
C,0.527559,0.111909,2.000000,2.000000
C,0.456250,0.092002,2.000000,4.000000
C,0.333333,0.104899,1.000000,2.000000
C,0.392308,0.095794,2.000000,2.000000
C,0.509554,0.100673,2.000000,2.000000
C,0.378882,0.116898,1.000000,2.000000
C,0.452055,0.095045,3.000000,4.000000
C,0.514563,0.123674,1.000000,2.000000
C,0.430000,0.090281,2.000000,4.000000
C,0.551724,0.115321,2.000000,4.000000
C,0.544304,0.098561,1.000000,2.000000
C,0.313187,0.083927,1.000000,4.000000
C,0.513761,0.113560,2.000000,2.000000
C,0.301887,0.099725,1.000000,2.000000
C,0.433628,0.097447,2.000000,2.000000
C,0.596273,0.098288,3.000000,4.000000
C,0.456250,0.090431,5.000000,4.000000
C,0.415842,0.086496,1.000000,4.000000
C,0.375000,0.096982,3.000000,2.000000
C,0.500000,0.098938,2.000000,2.000000
C,0.512048,0.109233,9.000000,2.000000
C,0.535211,0.089541,3.000000,4.000000
C,0.539683,0.095025,3.000000,3.000000
C,0.585526,0.093553,5.000000,4.000000
C,0.461538,0.131344,1.000000,2.000000
C,0.338028,0.103874,2.000000,3.000000
C,0.457364,0.090696,3.000000,4.000000
C,0.536585,0.116264,1.000000,2.000000
C,0.393064,0.092997,1.000000,2.000000
C,0.412698,0.087696,2.000000,4.000000
C,0.560510,0.086625,3.000000,4.000000
C,0.342857,0.096305,1.000000,4.000000
C,0.625806,0.094792,5.000000,4.000000
C,0.461538,0.126219,2.000000,2.000000
C,0.555556,0.100182,2.000000,2.000000
C,0.461538,0.093110,1.000000,4.000000
C,0.586207,0.089321,4.000000,2.000000
C,0.364641,0.093871,1.000000,4.000000
C,0.360465,0.084320,5.000000,4.000000
C,0.516304,0.111084,2.000000,2.000000
C,0.506329,0.089079,3.000000,4.000000
C,0.493671,0.098930,2.000000,2.000000
C,0.443114,0.099805,2.000000,2.000000
C,0.387283,0.093603,1.000000,2.000000
C,0.401985,0.114720,1.000000,2.000000
C,0.330396,0.092928,7.000000,4.000000
C,0.439394,0.091197,1.000000,2.000000
C,0.555556,0.097217,2.000000,2.000000
C,0.558140,0.113827,1.000000,2.000000
C,0.342857,0.094676,1.000000,4.000000
C,0.436364,0.097003,2.000000,2.000000
C,0.450199,0.115087,3.000000,2.000000
C,0.338028,0.098066,2.000000,3.000000
C,0.321739,0.093529,1.000000,2.000000
C,0.527559,0.111334,2.000000,2.000000
C,0.493671,0.096950,2.000000,2.000000
C,0.391753,0.105783,2.000000,4.000000
C,0.448718,0.107093,1.000000,2.000000
C,0.484848,0.103208,3.000000,4.000000
C,0.640884,0.090892,3.000000,4.000000
C,0.600000,0.111512,1.000000,2.000000
C,0.500000,0.096712,1.000000,3.000000
C,0.577181,0.081779,4.000000,4.000000
C,0.362069,0.094094,2.000000,2.000000
C,0.385135,0.121837,2.000000,4.000000
C,0.392000,0.079836,3.000000,4.000000
C,0.335135,0.104634,2.000000,4.000000
C,0.436508,0.096818,11.000000,2.000000
C,0.575000,0.108808,1.000000,2.000000
C,0.321608,0.096408,3.000000,3.000000
C,0.292453,0.095878,1.000000,2.000000
C,0.342857,0.098154,1.000000,4.000000
C,0.544554,0.098848,2.000000,4.000000
C,0.558140,0.113872,1.000000,2.000000
C,0.469697,0.086022,4.000000,4.000000
C,0.607843,0.088325,2.000000,4.000000
C,0.392000,0.106029,2.000000,2.000000
C,0.446154,0.091464,2.000000,4.000000
C,0.536232,0.105743,1.000000,2.000000
C,0.338235,0.094724,6.000000,2.000000
C,0.461207,0.111868,2.000000,4.000000
C,0.402174,0.093325,2.000000,4.000000
C,0.530864,0.121518,1.000000,2.000000
C,0.343915,0.103601,2.000000,4.000000
C,0.323171,0.081760,5.000000,4.000000
C,0.512658,0.101810,2.000000,2.000000
C,0.534653,0.096599,2.000000,4.000000
C,0.611111,0.111067,1.000000,2.000000
C,0.500000,0.123315,2.000000,2.000000
C,0.474860,0.096794,2.000000,2.000000
C,0.348624,0.087841,1.000000,4.000000
C,0.361111,0.098389,2.000000,4.000000
C,0.614035,0.099237,4.000000,4.000000
C,0.380952,0.121351,2.000000,4.000000
C,0.317073,0.083512,4.000000,4.000000
C,0.500000,0.096705,2.000000,4.000000
C,0.412214,0.096475,2.000000,2.000000
C,0.553398,0.098440,2.000000,3.000000
C,0.504310,0.096352,2.000000,4.000000
C,0.416667,0.107603,2.000000,3.000000
C,0.452830,0.108040,1.000000,2.000000
C,0.518987,0.085811,2.000000,4.000000
C,0.459459,0.095933,1.000000,3.000000
C,0.377049,0.083223,2.000000,4.000000
C,0.258929,0.096598,2.000000,4.000000
C,0.509554,0.100688,2.000000,2.000000
C,0.506329,0.086190,5.000000,4.000000
C,0.382353,0.090053,3.000000,4.000000
C,0.592308,0.086177,2.000000,4.000000
C,0.489247,0.095651,1.000000,2.000000
C,0.447059,0.101048,2.000000,2.000000
C,0.532110,0.118837,0.000000,2.000000
C,0.513761,0.112211,2.000000,2.000000
C,0.611465,0.093292,5.000000,4.000000
C,0.543307,0.097703,1.000000,2.000000
C,0.267857,0.089042,1.000000,3.000000
C,0.531250,0.107855,2.000000,2.000000
C,0.473684,0.090379,1.000000,4.000000
C,0.604938,0.099068,3.000000,4.000000
C,0.407407,0.083766,7.000000,2.000000
C,0.447059,0.100488,2.000000,2.000000
C,0.504310,0.095279,2.000000,4.000000
C,0.555556,0.097217,2.000000,2.000000
C,0.586021,0.089522,3.000000,4.000000
C,0.480000,0.103748,1.000000,4.000000
C,0.619048,0.087750,2.000000,4.000000
C,0.508475,0.095297,1.000000,4.000000
C,0.438272,0.069604,15.000000,6.000000
C,0.515152,0.091744,3.000000,4.000000
C,0.357724,0.095731,2.000000,2.000000
C,0.416000,0.093990,3.000000,3.000000
C,0.619718,0.095987,5.000000,4.000000
C,0.611111,0.110812,1.000000,2.000000
C,0.596639,0.097139,2.000000,2.000000
C,0.348624,0.070415,13.000000,4.000000
C,0.586207,0.087268,3.000000,2.000000
C,0.353933,0.094428,1.000000,3.000000
C,0.382671,0.091182,1.000000,4.000000
C,0.646617,0.087111,3.000000,4.000000
C,0.615385,0.095355,6.000000,4.000000
C,0.505682,0.093870,2.000000,4.000000
C,0.532710,0.100369,2.000000,2.000000
C,0.476923,0.094718,1.000000,4.000000
C,0.439024,0.085141,4.000000,2.000000
C,0.330396,0.092928,7.000000,4.000000
C,0.486726,0.099929,2.000000,2.000000
C,0.454082,0.094051,4.000000,4.000000
C,0.441860,0.089693,3.000000,4.000000
C,0.525210,0.098813,2.000000,4.000000
C,0.514451,0.088244,1.000000,3.000000
C,0.534162,0.118781,2.000000,2.000000
C,0.583333,0.112708,2.000000,3.000000
C,0.345972,0.101380,2.000000,3.000000
C,0.294118,0.101145,2.000000,4.000000
C,0.591160,0.073008,10.000000,4.000000
C,0.538462,0.099086,3.000000,4.000000
C,0.443609,0.090166,1.000000,2.000000
C,0.581395,0.087406,2.000000,4.000000
C,0.437500,0.091076,1.000000,4.000000
C,0.555556,0.097564,2.000000,2.000000
C,0.455224,0.112424,1.000000,2.000000
C,0.601562,0.114177,1.000000,2.000000
C,0.456954,0.101324,3.000000,4.000000
C,0.514852,0.092135,2.000000,4.000000
C,0.608696,0.091278,3.000000,4.000000
C,0.551515,0.098523,2.000000,2.000000
C,0.384000,0.086506,2.000000,2.000000
C,0.503937,0.118861,1.000000,2.000000
C,0.515625,0.095754,3.000000,3.000000
C,0.407665,0.089959,3.000000,4.000000
C,0.505682,0.094044,2.000000,4.000000
C,0.454545,0.120502,2.000000,2.000000
C,0.466258,0.107738,2.000000,4.000000
C,0.544554,0.110121,3.000000,3.000000
C,0.515337,0.115917,1.000000,2.000000
C,0.528302,0.101052,2.000000,2.000000
C,0.416667,0.108049,2.000000,3.000000
C,0.529412,0.099279,2.000000,4.000000
C,0.402174,0.108131,2.000000,4.000000
C,0.474860,0.096062,2.000000,2.000000
C,0.555556,0.134243,1.000000,2.000000
C,0.592308,0.086177,2.000000,4.000000
C,0.311475,0.083547,2.000000,4.000000
C,0.455752,0.081483,5.000000,4.000000
C,0.469697,0.121922,2.000000,2.000000
C,0.388489,0.102173,2.000000,2.000000
C,0.652174,0.101025,2.000000,2.000000
C,0.439394,0.123324,2.000000,2.000000
C,0.471098,0.091687,2.000000,2.000000
C,0.483051,0.098327,6.000000,4.000000
C,0.522936,0.108309,3.000000,4.000000
C,0.394366,0.080661,2.000000,4.000000
C,0.510638,0.084425,4.000000,4.000000
C,0.397959,0.105548,2.000000,4.000000
C,0.488987,0.099771,2.000000,2.000000
C,0.544304,0.097511,1.000000,2.000000
C,0.504274,0.081084,7.000000,4.000000
C,0.531250,0.095463,3.000000,4.000000
C,0.511737,0.067324,0.000000,4.000000
C,0.595588,0.085075,2.000000,4.000000
C,0.563492,0.093649,1.000000,4.000000
C,0.597015,0.083506,2.000000,4.000000
C,0.394737,0.098798,1.000000,2.000000
C,0.625806,0.094792,5.000000,4.000000
C,0.616667,0.109062,2.000000,2.000000
C,0.336957,0.097469,1.000000,2.000000
C,0.385135,0.118978,2.000000,4.000000
C,0.628571,0.118634,2.000000,2.000000
C,0.456790,0.091439,1.000000,3.000000
C,0.555556,0.134121,1.000000,2.000000
C,0.442029,0.089014,1.000000,2.000000
C,0.487500,0.117154,2.000000,2.000000
C,0.276786,0.075720,7.000000,4.000000
C,0.276786,0.089714,1.000000,4.000000
C,0.452830,0.107393,1.000000,2.000000
C,0.611111,0.111067,1.000000,2.000000
C,0.529412,0.103657,3.000000,3.000000
C,0.460526,0.108076,1.000000,2.000000
C,0.524752,0.096237,3.000000,4.000000
C,0.538462,0.097408,2.000000,4.000000
C,0.452055,0.093372,1.000000,3.000000
C,0.538462,0.095127,3.000000,4.000000
C,0.518987,0.100720,2.000000,4.000000
C,0.466667,0.102365,1.000000,2.000000
C,0.348148,0.100820,2.000000,2.000000
C,0.600000,0.101389,1.000000,4.000000
C,0.493671,0.096950,2.000000,2.000000
C,0.691781,0.088600,1.000000,4.000000
C,0.311475,0.083208,1.000000,4.000000
C,0.330435,0.092623,1.000000,2.000000
C,0.512658,0.100177,2.000000,2.000000
C,0.510638,0.084425,4.000000,4.000000
C,0.685714,0.106569,3.000000,2.000000
C,0.394737,0.100089,1.000000,2.000000
C,0.506329,0.103037,1.000000,3.000000
C,0.503106,0.102610,2.000000,4.000000
C,0.343915,0.102052,2.000000,4.000000
C,0.543307,0.094937,1.000000,2.000000
C,0.537313,0.099702,1.000000,4.000000
C,0.606838,0.094440,2.000000,2.000000
C,0.555556,0.131870,1.000000,2.000000
C,0.278689,0.110441,2.000000,2.000000
C,0.486111,0.106141,2.000000,2.000000
C,0.509934,0.104662,2.000000,2.000000
C,0.611111,0.110777,1.000000,2.000000
C,0.317073,0.077752,6.000000,4.000000
C,0.581699,0.094571,5.000000,4.000000
C,0.463636,0.093607,2.000000,4.000000
C,0.531250,0.109697,2.000000,2.000000
C,0.311475,0.083729,1.000000,4.000000
C,0.385621,0.074958,7.000000,4.000000
C,0.536232,0.098469,1.000000,4.000000
C,0.438202,0.095441,3.000000,4.000000
C,0.506329,0.084371,3.000000,3.000000
C,0.567901,0.108641,1.000000,2.000000
C,0.605882,0.104425,1.000000,4.000000
C,0.362069,0.094094,2.000000,2.000000
C,0.343915,0.102895,2.000000,4.000000
C,0.392857,0.083446,0.000000,2.000000
C,0.457364,0.089268,3.000000,4.000000
C,0.649123,0.084231,2.000000,4.000000
C,0.506329,0.100673,1.000000,3.000000
C,0.639785,0.089189,3.000000,2.000000
C,0.605882,0.098180,4.000000,4.000000
C,0.476744,0.091056,2.000000,4.000000
C,0.447059,0.090081,3.000000,4.000000
C,0.531250,0.097724,3.000000,4.000000
C,0.433628,0.098278,2.000000,2.000000
C,0.348485,0.096909,1.000000,4.000000
C,0.500000,0.099170,2.000000,2.000000
C,0.529412,0.099787,2.000000,4.000000
C,0.453552,0.098152,1.000000,3.000000
C,0.435644,0.129889,2.000000,2.000000
C,0.438202,0.101986,6.000000,4.000000
C,0.412214,0.097514,2.000000,2.000000
C,0.487500,0.113308,2.000000,4.000000
C,0.481481,0.087273,3.000000,3.000000
C,0.427907,0.093353,2.000000,2.000000
C,0.412371,0.110250,1.000000,2.000000
C,0.375000,0.098024,2.000000,2.000000
C,0.650000,0.091341,4.000000,4.000000
C,0.437500,0.094884,1.000000,4.000000
C,0.608696,0.095916,5.000000,4.000000
C,0.447059,0.097301,2.000000,2.000000
C,0.465753,0.091750,4.000000,4.000000
C,0.362069,0.093594,2.000000,2.000000
C,0.410256,0.088772,2.000000,4.000000
C,0.389286,0.083775,0.000000,2.000000
C,0.442396,0.089294,1.000000,2.000000
C,0.493671,0.097812,2.000000,2.000000
C,0.605882,0.100000,4.000000,4.000000
C,0.436364,0.100780,2.000000,2.000000
C,0.551282,0.096996,2.000000,4.000000
C,0.438202,0.103099,5.000000,4.000000
C,0.391753,0.105921,2.000000,4.000000
C,0.510638,0.097574,1.000000,4.000000
C,0.292398,0.100973,2.000000,4.000000
C,0.457364,0.090501,2.000000,4.000000
C,0.442424,0.099327,2.000000,2.000000
C,0.370370,0.114282,1.000000,2.000000
C,0.532258,0.093336,3.000000,3.000000
C,0.348624,0.087397,1.000000,4.000000
C,0.539216,0.102947,2.000000,4.000000
C,0.514451,0.088289,1.000000,3.000000
C,0.486111,0.105135,2.000000,2.000000
C,0.558140,0.117026,1.000000,2.000000
C,0.600000,0.111254,3.000000,2.000000
C,0.600000,0.102792,1.000000,4.000000
C,0.430000,0.089642,1.000000,4.000000
C,0.336957,0.101245,1.000000,2.000000
C,0.605882,0.104425,1.000000,4.000000
C,0.361111,0.081880,2.000000,4.000000
C,0.527273,0.105458,1.000000,3.000000
C,0.398936,0.099903,3.000000,2.000000
C,0.530864,0.122970,2.000000,2.000000
C,0.529412,0.106066,1.000000,2.000000
C,0.495902,0.080639,9.000000,4.000000
C,0.600000,0.112872,1.000000,2.000000
C,0.467890,0.095833,1.000000,4.000000
C,0.463415,0.115428,1.000000,2.000000
C,0.666667,0.100830,2.000000,2.000000
C,0.536232,0.092907,1.000000,4.000000
C,0.513761,0.113384,2.000000,2.000000
C,0.718391,0.098689,2.000000,4.000000
C,0.469697,0.093645,2.000000,4.000000
C,0.378882,0.114368,1.000000,2.000000
C,0.628571,0.118374,2.000000,2.000000
C,0.409449,0.092732,3.000000,2.000000
C,0.433628,0.091271,2.000000,4.000000
C,0.479532,0.092594,1.000000,2.000000
C,0.403694,0.105047,4.000000,2.000000
C,0.472222,0.094350,1.000000,3.000000
C,0.439394,0.095917,2.000000,2.000000
C,0.476923,0.101247,1.000000,4.000000
C,0.600000,0.111079,3.000000,4.000000
C,0.429907,0.088422,4.000000,2.000000
C,0.445714,0.090272,1.000000,4.000000
C,0.691781,0.087596,1.000000,4.000000
C,0.538462,0.114288,2.000000,2.000000
C,0.358209,0.098867,2.000000,2.000000
C,0.453333,0.108542,1.000000,2.000000
C,0.338798,0.101752,1.000000,2.000000
C,0.258278,0.092432,2.000000,4.000000
C,0.538462,0.104236,2.000000,4.000000
C,0.712644,0.097363,2.000000,4.000000
C,0.486111,0.100260,3.000000,2.000000
C,0.301887,0.098542,1.000000,2.000000
C,0.458150,0.086109,3.000000,4.000000
C,0.446970,0.091060,1.000000,2.000000
C,0.552000,0.093206,2.000000,2.000000
C,0.445714,0.087922,2.000000,4.000000
C,0.600000,0.118421,3.000000,4.000000
C,0.366972,0.080900,2.000000,4.000000
C,0.600000,0.109376,3.000000,4.000000
C,0.327511,0.097729,2.000000,4.000000
C,0.525641,0.073555,5.000000,2.000000
C,0.469512,0.113893,1.000000,2.000000
C,0.381295,0.098991,2.000000,2.000000
C,0.486111,0.094023,1.000000,3.000000
C,0.625000,0.105010,2.000000,4.000000
C,0.357143,0.091445,3.000000,4.000000
C,0.571429,0.105221,1.000000,2.000000
C,0.483516,0.093651,2.000000,4.000000
C,0.666667,0.102533,3.000000,2.000000
C,0.533742,0.117192,1.000000,2.000000
C,0.611465,0.097664,2.000000,3.000000
C,0.389313,0.095504,2.000000,2.000000
C,0.358209,0.093295,1.000000,2.000000
C,0.323529,0.110962,1.000000,2.000000
C,0.563492,0.092563,1.000000,4.000000
C,0.400000,0.084895,2.000000,4.000000
C,0.666667,0.103739,3.000000,4.000000
C,0.347518,0.085995,2.000000,4.000000
C,0.439815,0.089180,1.000000,2.000000
C,0.527273,0.104456,1.000000,3.000000
C,0.522936,0.113533,2.000000,2.000000
C,0.318841,0.101455,1.000000,2.000000
C,0.506329,0.102748,1.000000,3.000000
C,0.524752,0.092714,2.000000,4.000000
C,0.436090,0.097373,2.000000,2.000000
C,0.601399,0.098547,2.000000,2.000000
C,0.602484,0.094695,5.000000,4.000000
C,0.254545,0.095058,2.000000,4.000000
C,0.459459,0.097281,1.000000,3.000000
C,0.512821,0.102314,2.000000,2.000000
C,0.532110,0.119312,1.000000,2.000000
C,0.555556,0.132450,1.000000,2.000000
C,0.551724,0.116190,2.000000,4.000000
C,0.581699,0.095970,4.000000,4.000000
C,0.616000,0.087985,2.000000,4.000000
C,0.377907,0.087979,2.000000,4.000000
C,0.424242,0.115384,2.000000,3.000000
C,0.489051,0.101762,2.000000,2.000000
C,0.625000,0.103016,2.000000,4.000000
C,0.583333,0.111226,2.000000,3.000000
C,0.518987,0.097896,2.000000,4.000000
C,0.348624,0.087841,1.000000,4.000000
C,0.515337,0.115917,1.000000,2.000000
C,0.348148,0.102718,2.000000,2.000000
C,0.390805,0.081529,2.000000,4.000000
C,0.387283,0.093231,1.000000,2.000000
C,0.419643,0.091280,1.000000,4.000000
C,0.400000,0.084804,2.000000,4.000000
C,0.435294,0.089726,2.000000,2.000000
C,0.446154,0.108814,2.000000,4.000000
C,0.500000,0.088441,1.000000,4.000000
C,0.562500,0.107544,1.000000,2.000000
C,0.532110,0.118713,1.000000,2.000000
C,0.446154,0.113594,2.000000,4.000000
C,0.462963,0.093843,1.000000,4.000000
C,0.513761,0.112113,2.000000,2.000000
C,0.301887,0.095388,1.000000,2.000000
C,0.427481,0.097302,2.000000,2.000000
C,0.137255,0.152028,1.000000,2.000000
C,0.625000,0.103016,2.000000,4.000000
C,0.493724,0.086735,3.000000,4.000000
C,0.519126,0.110340,2.000000,2.000000
C,0.330435,0.062013,20.000000,2.000000
C,0.489655,0.106064,2.000000,2.000000
C,0.459459,0.102015,3.000000,4.000000
C,0.361111,0.159897,1.000000,2.000000
C,0.536232,0.098469,1.000000,4.000000
C,0.552000,0.093328,2.000000,2.000000
C,0.258278,0.090094,1.000000,4.000000
C,0.540816,0.092561,4.000000,4.000000
C,0.361702,0.087011,3.000000,4.000000
C,0.514563,0.118912,2.000000,2.000000
C,0.492754,0.102491,2.000000,2.000000
C,0.571429,0.104247,1.000000,2.000000
C,0.536232,0.098306,1.000000,4.000000
C,0.529412,0.115385,2.000000,2.000000
C,0.515337,0.114626,2.000000,2.000000
C,0.456790,0.091263,1.000000,3.000000
C,0.501567,0.089271,4.000000,4.000000
C,0.459184,0.095121,1.000000,4.000000
C,0.361111,0.159295,1.000000,2.000000
C,0.486111,0.100510,3.000000,4.000000
C,0.333333,0.169216,1.000000,1.000000
C,0.261261,0.094670,2.000000,4.000000
C,0.478049,0.086086,3.000000,4.000000
C,0.529412,0.117502,2.000000,2.000000
C,0.456897,0.111412,2.000000,4.000000
C,0.603053,0.084980,2.000000,4.000000
C,0.640884,0.090454,3.000000,4.000000
C,0.413534,0.096752,2.000000,2.000000
C,0.577181,0.083067,4.000000,4.000000
C,0.443182,0.092125,1.000000,4.000000
C,0.436364,0.098939,2.000000,2.000000
C,0.345865,0.101842,2.000000,2.000000
C,0.575342,0.085740,0.000000,4.000000
C,0.431579,0.082832,6.000000,4.000000
C,0.527559,0.091815,16.000000,4.000000
C,0.500000,0.103935,2.000000,2.000000
C,0.453552,0.098152,1.000000,3.000000
C,0.510638,0.097816,1.000000,4.000000
C,0.480000,0.105743,1.000000,2.000000
C,0.581699,0.097087,3.000000,4.000000
C,0.506329,0.102748,1.000000,3.000000
C,0.583333,0.112106,3.000000,2.000000
C,0.523810,0.103559,2.000000,2.000000
C,0.452055,0.093372,1.000000,3.000000
C,0.552147,0.098075,2.000000,2.000000
C,0.340426,0.086136,2.000000,4.000000
C,0.655738,0.100413,2.000000,2.000000
C,0.608696,0.102763,2.000000,4.000000
C,0.511364,0.095766,1.000000,4.000000
C,0.611111,0.107863,1.000000,2.000000
C,0.112840,0.150887,1.000000,1.000000
C,0.613281,0.089356,1.000000,2.000000
C,0.600000,0.091120,1.000000,2.000000
C,0.566406,0.107371,2.000000,2.000000
C,0.606299,0.092968,2.000000,2.000000
C,0.602362,0.086743,3.000000,4.000000
C,0.608696,0.093346,2.000000,4.000000
C,0.607843,0.094160,2.000000,4.000000
C,1.337423,0.107308,1.000000,4.000000
C,1.356250,0.104263,2.000000,2.000000
C,1.339506,0.114856,2.000000,2.000000
C,1.354037,0.096052,2.000000,2.000000
C,1.347826,0.095178,1.000000,2.000000
C,1.347826,0.143809,1.000000,2.000000
C,1.356250,0.106320,1.000000,4.000000
C,1.343558,0.091976,1.000000,4.000000
C,1.327160,0.113622,1.000000,2.000000
C,1.331288,0.104147,1.000000,2.000000
C,0.602787,0.103513,2.000000,2.000000
C,0.588850,0.093647,1.000000,4.000000
C,0.594406,0.113656,2.000000,2.000000
C,0.610714,0.089641,1.000000,4.000000
C,0.607143,0.114977,1.000000,1.000000
C,0.600707,0.093815,2.000000,4.000000
C,0.600707,0.085659,2.000000,4.000000
C,0.614286,0.085686,1.000000,4.000000
C,0.597173,0.128822,2.000000,2.000000
C,0.597865,0.099729,1.000000,4.000000
C,0.597865,0.094070,4.000000,6.000000
C,0.608541,0.088179,1.000000,4.000000
C,0.601424,0.106951,1.000000,2.000000
C,0.604982,0.098240,1.000000,2.000000
C,0.521236,0.111925,2.000000,2.000000
C,0.494297,0.097832,3.000000,4.000000
C,0.498099,0.099951,1.000000,4.000000
C,0.501901,0.102692,2.000000,4.000000
C,0.500000,0.093186,1.000000,4.000000
C,0.507634,0.106669,2.000000,3.000000
C,0.500000,0.116673,1.000000,2.000000
C,0.503817,0.098508,1.000000,3.000000
C,0.509652,0.100454,1.000000,4.000000
C,0.492481,0.097810,2.000000,4.000000
C,0.505837,0.111630,2.000000,2.000000
C,0.515504,0.092015,2.000000,4.000000
C,0.521401,0.096432,2.000000,4.000000
C,0.515385,0.093020,1.000000,4.000000
C,0.509652,0.108719,1.000000,4.000000
C,0.513514,0.103095,1.000000,4.000000
C,1.316770,0.108784,2.000000,2.000000
C,1.318750,0.103861,3.000000,2.000000
C,1.310559,0.102797,1.000000,2.000000
C,1.318750,0.110614,2.000000,2.000000
C,1.284848,0.105917,1.000000,2.000000
C,1.329193,0.118676,1.000000,2.000000
C,1.316770,0.095981,1.000000,2.000000
C,1.260870,0.129625,1.000000,1.000000
C,1.320988,0.099047,1.000000,4.000000
C,1.343949,0.141134,1.000000,2.000000
C,0.847222,0.110361,2.000000,4.000000
C,0.400000,0.083939,2.000000,4.000000
C,0.600000,0.108830,2.000000,4.000000
C,0.450549,0.116811,1.000000,2.000000
C,0.370558,0.099726,2.000000,2.000000
C,0.285714,0.150872,1.000000,2.000000
C,0.437500,0.114567,2.000000,3.000000
C,0.600000,0.109202,3.000000,4.000000
C,0.452381,0.088096,3.000000,3.000000
C,0.494071,0.098383,4.000000,4.000000
C,0.361111,0.162284,1.000000,2.000000
C,0.408602,0.084869,2.000000,3.000000
C,0.555556,0.133385,1.000000,2.000000
C,0.538462,0.093785,2.000000,4.000000
C,0.523438,0.112166,2.000000,2.000000
C,0.650000,0.087509,2.000000,4.000000
C,0.560000,0.098610,2.000000,2.000000
C,0.469697,0.101433,3.000000,4.000000
C,0.395683,0.098770,5.000000,2.000000
C,0.350282,0.103968,2.000000,4.000000
C,0.552000,0.093206,2.000000,2.000000
C,0.583333,0.114219,2.000000,3.000000
C,0.567164,0.108856,2.000000,4.000000
C,0.351852,0.081204,2.000000,4.000000
C,0.423529,0.087244,3.000000,2.000000
C,0.539216,0.100325,2.000000,4.000000
C,0.547619,0.093959,1.000000,2.000000
C,0.442953,0.100528,3.000000,4.000000
C,0.509317,0.115937,2.000000,2.000000
C,0.142857,0.137173,1.000000,1.000000
C,0.272727,0.144882,1.000000,2.000000
C,0.427083,0.085583,1.000000,4.000000
C,0.691781,0.081846,5.000000,4.000000
C,0.459459,0.095986,1.000000,3.000000
C,0.431818,0.093719,2.000000,2.000000
C,0.541667,0.095651,3.000000,4.000000
C,0.469697,0.093392,3.000000,4.000000
C,0.536232,0.098306,1.000000,4.000000
C,0.467890,0.086777,3.000000,4.000000
C,0.626667,0.087616,1.000000,4.000000
C,0.625000,0.102768,2.000000,4.000000
C,0.600000,0.090393,2.000000,4.000000
C,0.562500,0.121310,2.000000,2.000000
C,0.475309,0.094716,4.000000,2.000000
C,0.566929,0.093252,1.000000,4.000000
C,0.551724,0.115968,2.000000,4.000000
C,0.513514,0.097210,2.000000,4.000000
C,0.515924,0.084726,2.000000,4.000000
C,0.705882,0.101583,3.000000,2.000000
C,0.465753,0.114034,2.000000,4.000000
C,0.366864,0.094362,3.000000,4.000000
C,0.512658,0.100189,2.000000,2.000000
C,0.392308,0.096660,2.000000,2.000000
C,0.443609,0.089418,2.000000,2.000000
C,0.461207,0.111868,2.000000,4.000000
C,0.379195,0.105203,2.000000,4.000000
C,0.523364,0.101200,2.000000,2.000000
C,0.695652,0.106183,1.000000,4.000000
C,0.336957,0.101433,1.000000,2.000000
C,0.366667,0.091650,1.000000,4.000000
C,0.510638,0.097574,1.000000,4.000000
C,0.408163,0.106939,1.000000,2.000000
C,0.307692,0.083449,1.000000,3.000000
C,0.407665,0.089938,3.000000,4.000000
C,0.611111,0.109659,3.000000,2.000000
C,0.700000,0.119565,1.000000,2.000000
C,0.427481,0.093899,3.000000,2.000000
C,0.525210,0.098746,2.000000,4.000000
C,0.571429,0.091574,2.000000,4.000000
C,0.506329,0.090282,3.000000,4.000000
C,0.389706,0.104915,5.000000,4.000000
C,0.605882,0.100000,4.000000,4.000000
C,0.407692,0.090665,1.000000,4.000000
C,0.452055,0.095045,3.000000,4.000000
C,0.511364,0.096349,1.000000,4.000000
C,0.480363,0.107734,2.000000,4.000000
C,0.450549,0.114802,1.000000,2.000000
C,0.606250,0.094873,5.000000,4.000000
C,0.600000,0.109841,3.000000,3.000000
C,0.408000,0.091808,1.000000,4.000000
C,0.380577,0.102836,4.000000,2.000000
C,0.513514,0.096998,2.000000,4.000000
C,0.600000,0.112129,3.000000,4.000000
C,0.519126,0.110745,2.000000,2.000000
C,0.371429,0.157480,1.000000,2.000000
C,0.456897,0.110850,2.000000,4.000000
C,0.483516,0.094284,2.000000,4.000000
C,0.333333,0.166424,1.000000,1.000000
C,0.603352,0.087391,13.000000,4.000000
C,0.546875,0.094566,4.000000,2.000000
C,0.437500,0.108378,3.000000,3.000000
C,0.451389,0.091818,1.000000,4.000000
C,0.451087,0.096637,1.000000,3.000000
C,0.381295,0.098730,3.000000,2.000000
C,0.442424,0.096762,2.000000,2.000000
C,0.457364,0.079098,7.000000,4.000000
C,0.606838,0.095876,2.000000,2.000000
C,0.530488,0.117625,1.000000,2.000000
C,0.523077,0.094030,3.000000,4.000000
C,0.518987,0.085685,2.000000,4.000000
C,0.413534,0.097686,2.000000,2.000000
C,0.662162,0.114974,2.000000,4.000000
C,0.255102,0.145492,1.000000,2.000000
C,0.400000,0.075438,3.000000,4.000000
C,0.389313,0.091639,3.000000,2.000000
C,0.436709,0.109972,1.000000,2.000000
C,0.611111,0.110812,1.000000,2.000000
C,0.513514,0.098404,2.000000,4.000000
C,0.348624,0.086997,1.000000,4.000000
C,0.600000,0.112647,1.000000,2.000000
C,0.628571,0.118374,2.000000,2.000000
C,0.361111,0.166733,1.000000,2.000000
C,0.393064,0.094681,1.000000,2.000000
C,0.427481,0.099034,2.000000,2.000000
C,0.461957,0.096157,1.000000,3.000000
C,0.555556,0.158990,1.000000,2.000000
C,0.617834,0.097934,2.000000,3.000000
C,0.448980,0.094569,3.000000,4.000000
C,0.456790,0.090498,1.000000,3.000000
C,0.410256,0.087344,2.000000,4.000000
C,0.457143,0.082487,5.000000,2.000000
C,0.554878,0.097702,2.000000,2.000000
C,0.495146,0.113137,2.000000,2.000000
C,0.666667,0.104232,1.000000,2.000000
C,0.506494,0.092784,5.000000,4.000000
C,0.640884,0.088531,4.000000,4.000000
C,0.456790,0.091263,1.000000,3.000000
C,0.529412,0.120948,3.000000,2.000000
C,0.555556,0.146055,1.000000,2.000000
C,0.407692,0.097522,2.000000,2.000000
C,0.639785,0.092901,1.000000,2.000000
C,0.513761,0.112533,2.000000,2.000000
C,0.452055,0.092669,1.000000,3.000000
C,0.531250,0.132660,1.000000,2.000000
C,0.300578,0.082176,3.000000,3.000000
C,0.497959,0.088991,1.000000,4.000000
C,0.318841,0.105238,1.000000,2.000000
C,0.413534,0.097686,2.000000,2.000000
C,0.480392,0.085241,2.000000,4.000000
C,0.639785,0.087791,2.000000,2.000000
C,0.394366,0.084127,2.000000,4.000000
C,0.356322,0.088567,3.000000,2.000000
C,0.323171,0.081760,5.000000,4.000000
C,0.345745,0.103134,2.000000,4.000000
C,0.373134,0.082653,2.000000,4.000000
C,0.514451,0.079046,3.000000,3.000000
C,0.276786,0.090022,1.000000,4.000000
C,0.605128,0.115050,2.000000,2.000000
C,0.481481,0.078758,6.000000,4.000000
C,0.644737,0.121795,2.000000,4.000000
C,0.459459,0.097281,1.000000,3.000000
C,0.330435,0.091195,1.000000,2.000000
C,0.301887,0.099725,1.000000,2.000000
C,0.489164,0.100229,5.000000,4.000000
N,0.218750,0.138074,1.000000,1.000000
N,0.772727,0.181762,1.000000,2.000000
N,0.857143,0.102315,1.000000,4.000000
N,1.400000,0.196541,1.000000,2.000000
N,0.158621,0.078605,4.000000,2.000000
N,0.900000,0.152459,1.000000,2.000000
N,0.666667,0.137109,2.000000,2.000000
N,1.062500,0.157346,1.000000,2.000000
N,1.555556,0.107855,1.000000,2.000000
N,1.750000,0.128845,1.000000,3.000000
N,0.228571,0.144299,1.000000,2.000000
N,0.916667,0.158263,1.000000,2.000000
N,1.000000,0.136216,1.000000,3.000000
N,0.416667,0.164336,1.000000,1.000000
N,1.787879,0.104953,2.000000,2.000000
N,0.616667,0.081240,6.000000,2.000000
N,1.166667,0.142857,1.000000,2.000000
N,1.100000,0.194889,1.000000,2.000000
N,1.333333,0.187007,1.000000,2.000000
N,0.375000,0.162681,1.000000,2.000000
N,1.000000,0.203771,1.000000,1.000000
N,0.888889,0.183676,1.000000,2.000000
N,0.166667,0.120261,1.000000,2.000000
N,1.500000,0.115887,1.000000,3.000000
N,0.916667,0.163299,2.000000,2.000000
N,0.343750,0.163619,1.000000,2.000000
N,1.093750,0.150103,1.000000,4.000000
N,0.555556,0.084677,6.000000,5.000000
N,1.500000,0.172482,1.000000,2.000000
N,1.307692,0.155257,2.000000,1.000000
N,0.736842,0.207452,1.000000,2.000000
N,1.835165,0.090404,31.000000,4.000000
N,0.470588,0.161441,1.000000,2.000000
N,1.500000,0.157288,1.000000,3.000000
N,1.333333,0.173205,1.000000,2.000000
N,0.928571,0.169967,2.000000,2.000000
N,0.250000,0.154110,1.000000,2.000000
N,0.846154,0.194320,1.000000,2.000000
N,0.307692,0.153873,1.000000,2.000000
N,0.148760,0.134303,1.000000,1.000000
N,0.842105,0.110657,1.000000,2.000000
N,0.777778,0.202523,1.000000,2.000000
N,0.764706,0.151086,1.000000,2.000000
N,1.083333,0.126938,1.000000,2.000000
N,0.750000,0.156250,1.000000,1.000000
N,0.857143,0.194221,1.000000,2.000000
N,1.142857,0.182217,1.000000,1.000000
N,1.282051,0.097153,6.000000,3.000000
N,2.708333,0.131359,1.000000,4.000000
N,0.750000,0.110556,3.000000,2.000000
N,0.276923,0.117030,2.000000,2.000000
N,0.620690,0.090069,3.000000,2.000000
N,0.538462,0.137113,1.000000,1.000000
N,1.210526,0.109784,2.000000,4.000000
N,2.333333,0.128425,1.000000,2.000000
N,0.483871,0.107941,2.000000,2.000000
N,8.750000,0.117580,1.000000,2.000000
N,0.309524,0.127164,3.000000,1.000000
N,0.571429,0.198132,1.000000,1.000000
N,0.785714,0.166270,2.000000,2.000000
N,0.647059,0.192327,1.000000,2.000000
N,0.787879,0.119059,3.000000,3.000000
N,0.440000,0.118010,1.000000,1.000000
N,10.454545,0.112808,1.000000,4.000000
N,2.000000,0.157135,1.000000,2.000000
N,0.490196,0.165680,1.000000,2.000000
N,3.000000,0.162380,1.000000,2.000000
N,0.750000,0.179531,1.000000,2.000000
N,1.181818,0.133003,1.000000,1.000000
N,1.400000,0.178767,1.000000,2.000000
N,0.777778,0.202523,1.000000,2.000000
N,0.258065,0.139342,1.000000,2.000000
N,0.916667,0.116976,1.000000,2.000000
N,1.125000,0.112074,1.000000,2.000000
N,1.111111,0.127526,1.000000,2.000000
N,0.422222,0.127112,4.000000,2.000000
N,0.428571,0.180278,1.000000,2.000000
N,1.333333,0.195615,1.000000,2.000000
N,0.862069,0.158730,1.000000,2.000000
N,0.916667,0.159749,1.000000,2.000000
N,0.388889,0.102564,3.000000,2.000000
N,0.928571,0.172208,1.000000,1.000000
N,1.555556,0.133333,1.000000,3.000000
N,0.846154,0.129032,1.000000,2.000000
N,0.165414,0.092108,2.000000,2.000000
N,1.375000,0.155728,2.000000,2.000000
N,0.538462,0.192029,1.000000,1.000000
N,2.368421,0.121033,2.000000,4.000000
N,1.842105,0.118002,5.000000,4.000000
N,0.476190,0.190727,1.000000,2.000000
N,1.047619,0.177111,1.000000,2.000000
N,0.473684,0.178554,1.000000,2.000000
N,0.785714,0.198849,2.000000,1.000000
N,0.218750,0.092231,1.000000,2.000000
N,0.857143,0.182108,1.000000,1.000000
N,0.288136,0.096949,3.000000,2.000000
N,0.145833,0.114261,1.000000,1.000000
N,0.483871,0.096301,1.000000,2.000000
N,0.875000,0.166378,1.000000,3.000000
N,0.180000,0.155342,1.000000,1.000000
N,1.285714,0.156241,1.000000,2.000000
N,0.642857,0.202769,1.000000,2.000000
N,0.296296,0.120281,1.000000,2.000000
N,0.250000,0.145297,1.000000,2.000000
N,0.500000,0.190941,1.000000,1.000000
N,0.272727,0.113384,1.000000,2.000000
N,0.958333,0.194713,1.000000,2.000000
N,0.913043,0.166176,1.000000,2.000000
N,0.500000,0.168359,1.000000,2.000000
N,0.833333,0.176045,1.000000,2.000000
N,0.600000,0.146506,2.000000,2.000000
N,0.412500,0.111887,6.000000,2.000000
N,0.769231,0.206235,1.000000,2.000000
N,1.083333,0.164635,1.000000,2.000000
N,0.384615,0.148865,1.000000,1.000000
N,1.142857,0.195156,1.000000,2.000000
N,2.769231,0.151162,1.000000,2.000000
N,0.300000,0.158581,1.000000,1.000000
N,1.000000,0.171587,1.000000,2.000000
N,0.866667,0.118421,1.000000,2.000000
N,0.703704,0.134340,2.000000,4.000000
N,1.117647,0.138348,2.000000,1.000000
N,0.484848,0.184144,1.000000,2.000000
N,0.455696,0.146277,1.000000,1.000000
N,0.777778,0.153888,1.000000,2.000000
N,0.857143,0.199451,1.000000,2.000000
N,0.571429,0.094481,1.000000,2.000000
N,0.542857,0.165831,1.000000,2.000000
N,0.139535,0.095331,1.000000,2.000000
N,0.350877,0.187841,1.000000,2.000000
N,0.314286,0.120885,6.000000,3.000000
N,0.131148,0.144043,2.000000,2.000000
N,1.000000,0.122729,3.000000,1.000000
N,1.835165,0.064027,40.000000,4.000000
N,0.406250,0.116937,1.000000,2.000000
N,2.000000,0.162681,1.000000,2.000000
N,0.225806,0.091652,1.000000,1.000000
N,0.781250,0.120356,2.000000,2.000000
N,0.545455,0.164417,1.000000,2.000000
N,0.195652,0.144338,2.000000,1.000000
N,0.209677,0.153869,1.000000,2.000000
N,0.615385,0.132234,1.000000,2.000000
N,1.782609,0.179994,1.000000,2.000000
N,0.122807,0.121212,1.000000,2.000000
N,0.538462,0.088300,1.000000,2.000000
N,0.136364,0.128062,1.000000,2.000000
N,0.473684,0.107726,1.000000,2.000000
N,0.866667,0.124329,1.000000,2.000000
N,1.066667,0.112903,1.000000,2.000000
N,0.944444,0.127207,1.000000,2.000000
N,3.600000,0.136660,1.000000,1.000000
N,0.750000,0.141421,1.000000,3.000000
N,0.900000,0.112731,3.000000,2.000000
N,0.538462,0.185405,1.000000,1.000000
N,2.333333,0.120736,1.000000,4.000000
N,0.173913,0.115728,1.000000,2.000000
N,0.476190,0.190158,1.000000,2.000000
N,0.571429,0.110458,1.000000,3.000000
N,0.461538,0.184211,1.000000,2.000000
N,0.875000,0.204920,1.000000,1.000000
N,0.851852,0.166779,1.000000,1.000000
N,3.000000,0.136377,1.000000,4.000000
N,0.615385,0.148324,1.000000,2.000000
N,0.585366,0.149358,1.000000,1.000000
N,1.187500,0.108870,4.000000,2.000000
N,0.958333,0.173587,1.000000,2.000000
N,0.400000,0.171280,1.000000,1.000000
N,0.486486,0.164810,1.000000,2.000000
N,0.625000,0.224267,1.000000,1.000000
N,1.545455,0.116033,2.000000,2.000000
N,0.928571,0.194224,1.000000,1.000000
N,2.608696,0.079005,7.000000,12.000000
N,1.266667,0.084581,2.000000,4.000000
N,0.600000,0.056273,3.000000,6.000000
N,0.764706,0.084145,1.000000,4.000000
N,0.684211,0.114583,2.000000,2.000000
N,0.789474,0.083666,1.000000,2.000000
N,0.633333,0.078477,2.000000,2.000000
N,1.214286,0.100993,2.000000,4.000000
N,0.947368,0.073899,2.000000,3.000000
N,6.222222,0.058751,8.000000,16.000000
N,0.928571,0.087633,1.000000,4.000000
N,2.066667,0.081490,2.000000,4.000000
N,1.538462,0.073451,3.000000,7.000000
N,0.944444,0.120797,1.000000,2.000000
N,0.842105,0.085224,4.000000,4.000000
N,1.136364,0.078291,1.000000,2.000000
N,0.684211,0.098758,1.000000,2.000000
N,0.608696,0.088838,1.000000,2.000000
N,1.214286,0.100208,1.000000,2.000000
N,0.592593,0.082939,2.000000,2.000000
N,1.000000,0.082428,2.000000,6.000000
N,0.636364,0.080939,3.000000,4.000000
N,0.826087,0.082124,3.000000,4.000000
N,1.066667,0.123455,2.000000,2.000000
N,0.850000,0.108786,1.000000,2.000000
N,0.727273,0.100620,1.000000,2.000000
N,0.812500,0.106572,2.000000,2.000000
N,1.000000,0.100212,2.000000,4.000000
N,1.080000,0.059817,2.000000,6.000000
N,1.095238,0.078797,2.000000,2.000000
N,1.466667,0.078419,2.000000,3.000000
N,1.611111,0.097068,2.000000,4.000000
N,1.066667,0.086393,2.000000,2.000000
N,0.928571,0.089443,1.000000,4.000000
N,1.142857,0.082609,1.000000,6.000000
N,1.076923,0.096796,1.000000,4.000000
N,1.687500,0.092045,1.000000,4.000000
N,1.043478,0.080145,1.000000,4.000000
N,1.461538,0.079945,1.000000,4.000000
N,0.555556,0.107855,2.000000,2.000000
N,1.857143,0.077370,2.000000,6.000000
N,1.857143,0.083992,2.000000,6.000000
N,0.882353,0.082680,1.000000,4.000000
N,0.681818,0.107184,3.000000,2.000000
N,0.923077,0.085527,2.000000,4.000000
N,1.842105,0.081890,2.000000,4.000000
N,1.187500,0.083465,2.000000,3.000000
N,1.062500,0.072450,1.000000,4.000000
N,1.631579,0.078864,1.000000,4.000000
N,0.956522,0.072887,1.000000,3.000000
N,1.400000,0.107530,2.000000,4.000000
N,0.700000,0.081944,2.000000,4.000000
N,1.259259,0.071365,4.000000,6.000000
N,0.764706,0.085469,1.000000,2.000000
N,1.642857,0.085173,1.000000,5.000000
N,0.937500,0.088957,1.000000,3.000000
N,2.000000,0.079570,1.000000,4.000000
N,1.400000,0.081906,2.000000,4.000000
N,1.235294,0.083992,2.000000,4.000000
N,0.800000,0.091589,1.000000,2.000000
N,1.266667,0.093808,2.000000,2.000000
N,2.000000,0.074273,2.000000,5.000000
N,1.071429,0.110400,2.000000,4.000000
N,2.550000,0.071696,3.000000,7.000000
N,0.809524,0.092006,2.000000,2.000000
N,1.076923,0.086957,2.000000,4.000000
N,1.250000,0.096670,3.000000,3.000000
N,1.066667,0.079871,1.000000,4.000000
N,0.960000,0.075412,3.000000,2.000000
N,1.117647,0.094883,2.000000,4.000000
N,0.750000,0.070393,2.000000,4.000000
N,1.785714,0.075581,2.000000,6.000000
N,0.733333,0.059786,1.000000,4.000000
N,0.750000,0.087841,1.000000,2.000000
N,0.933333,0.110613,1.000000,2.000000
N,1.000000,0.104425,2.000000,2.000000
N,1.285714,0.098888,1.000000,2.000000
N,0.750000,0.077609,1.000000,3.000000
N,1.066667,0.089879,1.000000,2.000000
N,1.692308,0.084593,1.000000,6.000000
N,2.437500,0.092273,1.000000,4.000000
N,1.071429,0.112252,1.000000,2.000000
N,1.000000,0.082294,2.000000,4.000000
N,1.105263,0.101770,3.000000,5.000000
N,1.578947,0.090398,1.000000,4.000000
N,1.736842,0.073299,2.000000,6.000000
N,1.333333,0.084515,2.000000,4.000000
N,1.615385,0.080054,1.000000,5.000000
N,1.136364,0.067884,1.000000,6.000000
N,0.913043,0.094525,1.000000,2.000000
N,0.466667,0.097808,1.000000,2.000000
N,1.050000,0.072849,1.000000,4.000000
N,1.176471,0.090388,1.000000,2.000000
N,0.760000,0.108565,3.000000,3.000000
N,1.090909,0.072761,1.000000,4.000000
N,0.750000,0.076973,1.000000,2.000000
N,0.761905,0.070986,1.000000,4.000000
N,1.076923,0.096864,1.000000,5.000000
N,1.176471,0.083333,1.000000,2.000000
N,1.076923,0.122156,1.000000,2.000000
N,1.375000,0.057918,3.000000,4.000000
N,1.222222,0.066436,3.000000,10.000000
N,0.866667,0.094133,1.000000,3.000000
N,0.684211,0.089686,1.000000,2.000000
N,1.100000,0.077106,1.000000,3.000000
N,1.058824,0.077258,1.000000,4.000000
N,0.488372,0.036476,7.000000,6.000000
N,1.285714,0.084145,1.000000,4.000000
N,1.076923,0.101126,1.000000,4.000000
N,0.566667,0.085366,2.000000,2.000000
N,3.642857,0.086164,1.000000,6.000000
N,1.928571,0.080155,1.000000,4.000000
N,0.818182,0.107583,3.000000,2.000000
N,1.307692,0.090948,2.000000,2.000000
N,1.000000,0.091589,1.000000,3.000000
N,0.684211,0.102062,2.000000,2.000000
N,1.625000,0.084548,3.000000,6.000000
N,1.142857,0.088498,2.000000,4.000000
N,1.384615,0.123165,1.000000,4.000000
N,1.285714,0.116859,1.000000,3.000000
N,0.615385,0.075168,2.000000,4.000000
N,0.736842,0.100924,1.000000,2.000000
N,1.076923,0.098465,1.000000,4.000000
N,1.750000,0.099470,1.000000,4.000000
N,1.421053,0.083085,2.000000,4.000000
N,1.142857,0.107299,3.000000,4.000000
N,0.680000,0.089566,2.000000,4.000000
N,0.875000,0.089879,1.000000,2.000000
N,1.307692,0.076599,2.000000,8.000000
N,0.928571,0.090139,2.000000,3.000000
N,1.066667,0.096633,2.000000,4.000000
N,1.642857,0.078693,2.000000,5.000000
N,1.266667,0.072131,2.000000,5.000000
N,0.772727,0.068806,1.000000,4.000000
N,0.900000,0.076001,2.000000,4.000000
N,1.923077,0.081017,2.000000,4.000000
N,1.384615,0.081250,2.000000,5.000000
N,1.088235,0.149583,4.000000,2.000000
N,0.666667,0.086746,1.000000,4.000000
N,0.857143,0.098361,3.000000,4.000000
N,1.666667,0.093522,1.000000,2.000000
N,1.187500,0.081223,1.000000,4.000000
N,0.850000,0.083992,2.000000,4.000000
N,0.709677,0.081750,2.000000,2.000000
N,1.846154,0.095379,3.000000,3.000000
N,1.133333,0.083992,2.000000,4.000000
N,1.333333,0.092447,2.000000,2.000000
N,0.666667,0.084024,2.000000,2.000000
N,1.333333,0.093816,3.000000,4.000000
N,0.764706,0.090211,2.000000,3.000000
N,2.000000,0.087302,1.000000,6.000000
N,1.052632,0.075012,2.000000,4.000000
N,0.772727,0.077816,2.000000,4.000000
N,2.076923,0.075949,3.000000,4.000000
N,0.812500,0.095238,2.000000,3.000000
N,1.500000,0.090164,2.000000,3.000000
N,0.789474,0.075758,2.000000,4.000000
N,1.166667,0.101980,4.000000,4.000000
N,0.764706,0.095053,1.000000,2.000000
N,0.875000,0.090948,2.000000,2.000000
N,1.117647,0.125708,2.000000,2.000000
N,1.000000,0.083218,2.000000,4.000000
N,0.777778,0.087065,1.000000,2.000000
N,1.571429,0.084965,2.000000,4.000000
N,1.076923,0.095238,2.000000,4.000000
N,1.571429,0.085640,2.000000,5.000000
N,1.066667,0.079949,1.000000,4.000000
N,2.100000,0.096905,1.000000,4.000000
N,0.680000,0.078567,2.000000,2.000000
N,0.720000,0.083255,1.000000,2.000000
N,0.785714,0.092702,3.000000,4.000000
N,0.580645,0.066316,2.000000,4.000000
N,1.200000,0.081223,1.000000,4.000000
N,1.111111,0.097302,3.000000,4.000000
N,5.523809,0.139812,4.000000,5.000000
N,0.684211,0.117925,1.000000,2.000000
N,1.466667,0.075760,2.000000,4.000000
N,0.909091,0.071492,2.000000,5.000000
N,1.058824,0.088342,1.000000,2.000000
N,1.357143,0.100615,2.000000,4.000000
N,1.071429,0.088370,3.000000,4.000000
N,0.900000,0.085374,1.000000,4.000000
N,0.666667,0.070792,1.000000,4.000000
N,0.700000,0.085374,3.000000,3.000000
N,0.535714,0.071645,2.000000,2.000000
N,0.937500,0.080357,2.000000,4.000000
N,0.764706,0.095723,1.000000,2.000000
N,1.142857,0.088585,5.000000,5.000000
N,1.500000,0.079057,2.000000,4.000000
N,1.062500,0.073543,2.000000,4.000000
N,1.125000,0.070221,1.000000,6.000000
N,0.464286,0.087251,2.000000,2.000000
N,0.793103,0.084852,1.000000,2.000000
N,1.076923,0.106895,1.000000,4.000000
N,0.789474,0.093391,1.000000,2.000000
N,1.446808,0.085371,4.000000,3.000000
N,0.764706,0.089994,1.000000,3.000000
N,1.240000,0.073883,2.000000,4.000000
N,1.466667,0.090738,2.000000,2.000000
N,1.121212,0.076271,2.000000,4.000000
N,1.000000,0.077369,1.000000,4.000000
N,1.071429,0.091951,2.000000,4.000000
N,0.800000,0.078364,1.000000,2.000000
N,0.875000,0.084625,1.000000,4.000000
N,1.230769,0.081650,2.000000,5.000000
N,0.812500,0.093750,2.000000,2.000000
N,0.700000,0.074253,1.000000,4.000000
N,1.150000,0.076174,2.000000,4.000000
N,0.666667,0.067701,1.000000,4.000000
N,1.000000,0.095581,2.000000,4.000000
N,0.800000,0.103448,3.000000,4.000000
N,1.538462,0.109994,2.000000,4.000000
N,1.461538,0.079046,2.000000,6.000000
N,1.062500,0.103056,2.000000,4.000000
N,1.062500,0.083991,2.000000,4.000000
N,0.650000,0.092231,1.000000,2.000000
N,0.777778,0.078947,1.000000,2.000000
N,0.650000,0.111340,3.000000,2.000000
N,0.336207,0.070007,3.000000,3.000000
N,1.000000,0.103114,1.000000,4.000000
N,0.882353,0.097160,1.000000,4.000000
N,0.809524,0.101229,3.000000,4.000000
N,0.791667,0.077709,2.000000,4.000000
N,1.100000,0.078571,1.000000,2.000000
N,1.055556,0.079651,2.000000,2.000000
N,1.384615,0.082154,2.000000,4.000000
N,1.000000,0.122508,1.000000,2.000000
N,0.884615,0.080339,2.000000,4.000000
N,1.000000,0.132473,1.000000,2.000000
N,1.125000,0.104686,2.000000,2.000000
N,1.692308,0.085366,2.000000,4.000000
N,1.071429,0.085947,2.000000,2.000000
N,1.384615,0.086781,1.000000,2.000000
N,1.058824,0.087349,3.000000,4.000000
N,0.941176,0.089318,1.000000,3.000000
N,1.238095,0.083006,3.000000,5.000000
N,1.263158,0.090619,1.000000,2.000000
N,0.933333,0.095723,4.000000,5.000000
N,1.000000,0.092402,1.000000,3.000000
N,1.000000,0.096793,1.000000,2.000000
N,1.000000,0.109375,1.000000,2.000000
N,1.236842,0.058285,5.000000,6.000000
N,1.307692,0.082268,1.000000,4.000000
N,1.357143,0.099796,1.000000,2.000000
N,1.066667,0.084375,1.000000,2.000000
N,0.800000,0.093225,2.000000,2.000000
N,0.843750,0.093708,4.000000,4.000000
N,0.947368,0.082685,1.000000,4.000000
N,1.200000,0.126311,1.000000,4.000000
N,1.866667,0.083326,2.000000,8.000000
N,0.666667,0.073493,1.000000,2.000000
N,1.733333,0.083333,1.000000,5.000000
N,1.200000,0.084306,1.000000,3.000000
N,1.214286,0.104231,2.000000,2.000000
N,0.933333,0.116207,1.000000,2.000000
N,1.500000,0.076822,2.000000,3.000000
N,1.500000,0.074928,2.000000,4.000000
N,1.153846,0.059095,9.000000,6.000000
N,1.133333,0.082822,2.000000,2.000000
N,0.800000,0.102034,1.000000,2.000000
N,1.600000,0.084024,1.000000,4.000000
N,0.750000,0.069935,1.000000,4.000000
N,0.875000,0.090269,2.000000,2.000000
N,0.777778,0.100361,1.000000,2.000000
N,1.071429,0.087489,1.000000,2.000000
N,1.111111,0.074253,2.000000,4.000000
N,0.888889,0.084700,1.000000,3.000000
N,1.062500,0.086838,3.000000,4.000000
N,1.000000,0.109587,2.000000,2.000000
N,1.136364,0.101762,2.000000,2.000000
N,1.153846,0.121268,1.000000,2.000000
N,2.444444,0.075101,2.000000,6.000000
N,1.285714,0.098996,2.000000,2.000000
N,1.241379,0.057212,1.000000,6.000000
N,1.071429,0.100361,2.000000,4.000000
N,1.153846,0.120948,1.000000,2.000000
N,1.105263,0.084591,2.000000,4.000000
N,2.461539,0.078864,3.000000,8.000000
N,2.307692,0.117556,2.000000,6.000000
N,0.282609,0.084222,2.000000,2.000000
N,1.666667,0.075869,1.000000,5.000000
N,1.225806,0.081502,2.000000,4.000000
N,3.333333,0.075685,4.000000,8.000000
N,1.681818,0.089633,2.000000,2.000000
N,0.944444,0.080728,2.000000,4.000000
N,1.000000,0.088932,2.000000,2.000000
N,1.000000,0.082680,2.000000,4.000000
N,1.000000,0.095752,1.000000,2.000000
N,1.461538,0.085498,2.000000,4.000000
N,1.058824,0.098821,2.000000,2.000000
N,0.558824,0.073406,3.000000,2.000000
N,0.944444,0.076414,2.000000,3.000000
N,0.850000,0.075758,1.000000,4.000000
N,1.214286,0.105552,2.000000,2.000000
N,1.125000,0.081343,1.000000,3.000000
N,0.764706,0.087071,1.000000,2.000000
N,1.166667,0.088592,2.000000,2.000000
N,1.157895,0.082428,1.000000,4.000000
N,1.083333,0.072633,2.000000,4.000000
N,1.250000,0.079016,2.000000,4.000000
N,1.357143,0.083590,1.000000,4.000000
N,0.875000,0.126917,2.000000,2.000000
N,1.000000,0.083272,1.000000,2.000000
N,1.307692,0.091837,2.000000,4.000000
N,0.650000,0.086365,2.000000,2.000000
N,0.812500,0.092044,4.000000,3.000000
N,1.000000,0.079534,1.000000,4.000000
N,0.857143,0.093597,1.000000,2.000000
N,1.133333,0.112694,2.000000,3.000000
N,2.166667,0.074033,2.000000,4.000000
N,1.142857,0.098405,2.000000,4.000000
N,0.777778,0.085428,1.000000,4.000000
N,1.235294,0.076806,1.000000,6.000000
N,1.538462,0.084232,2.000000,4.000000
N,1.357143,0.079016,1.000000,4.000000
N,1.461538,0.087994,1.000000,4.000000
N,0.766667,0.071537,1.000000,4.000000
N,1.285714,0.103118,1.000000,4.000000
N,0.812500,0.088368,2.000000,2.000000
N,1.133333,0.104149,2.000000,2.000000
N,1.312500,0.072661,2.000000,4.000000
N,0.588235,0.071587,2.000000,2.000000
N,0.736842,0.084380,2.000000,2.000000
N,1.000000,0.085898,2.000000,2.000000
N,0.875000,0.120726,1.000000,2.000000
N,4.000000,0.112711,3.000000,4.000000
N,1.500000,0.056142,7.000000,7.000000
N,0.823529,0.100847,2.000000,4.000000
N,1.076923,0.095886,1.000000,2.000000
N,1.411765,0.087277,4.000000,8.000000
N,0.555556,0.078094,1.000000,2.000000
N,0.800000,0.060222,1.000000,6.000000
N,1.071429,0.078730,1.000000,2.000000
N,0.941176,0.084232,1.000000,3.000000
N,0.833333,0.084865,2.000000,2.000000
N,1.058824,0.072834,2.000000,5.000000
N,1.333333,0.087928,3.000000,4.000000
N,0.583333,0.077195,2.000000,2.000000
N,1.055556,0.082303,3.000000,4.000000
N,1.230769,0.097111,3.000000,4.000000
N,0.419355,0.089754,1.000000,4.000000
N,0.866667,0.115460,1.000000,4.000000
N,0.863636,0.072419,2.000000,4.000000
N,0.760000,0.085696,2.000000,4.000000
N,1.375000,0.091549,3.000000,4.000000
N,1.615385,0.084465,1.000000,4.000000
N,0.789474,0.073086,2.000000,4.000000
N,0.444444,0.044344,13.000000,6.000000
N,1.000000,0.107704,3.000000,4.000000
N,0.928571,0.097220,1.000000,4.000000
N,1.615385,0.082236,2.000000,4.000000
N,1.428571,0.082496,2.000000,4.000000
N,1.400000,0.090490,3.000000,4.000000
N,1.000000,0.098320,2.000000,3.000000
N,0.640000,0.065767,2.000000,4.000000
N,1.153846,0.094393,2.000000,2.000000
N,1.235294,0.072541,2.000000,4.000000
N,1.500000,0.100499,2.000000,2.000000
N,1.153846,0.114286,1.000000,2.000000
N,1.200000,0.075369,2.000000,6.000000
N,0.640000,0.094759,3.000000,4.000000
N,0.541667,0.089686,2.000000,4.000000
N,2.692308,0.070767,2.000000,6.000000
N,0.765957,0.043854,5.000000,4.000000
N,0.369565,0.081340,2.000000,2.000000
N,0.809524,0.082236,1.000000,4.000000
N,1.150000,0.078394,1.000000,3.000000
N,1.062500,0.078192,1.000000,3.000000
N,2.000000,0.084505,1.000000,3.000000
N,0.652174,0.109843,3.000000,2.000000
N,2.000000,0.108253,1.000000,4.000000
N,1.333333,0.082048,2.000000,4.000000
N,0.400000,0.077146,2.000000,4.000000
N,0.739130,0.076578,2.000000,2.000000
N,1.571429,0.085280,1.000000,4.000000
N,1.933333,0.099380,2.000000,2.000000
N,1.800000,0.088755,1.000000,4.000000
N,1.500000,0.093054,1.000000,4.000000
N,0.777778,0.112433,1.000000,2.000000
N,0.640000,0.081143,1.000000,2.000000
N,0.947368,0.075124,1.000000,4.000000
N,2.571429,0.072478,3.000000,7.000000
N,1.461538,0.088126,1.000000,5.000000
N,1.000000,0.081593,2.000000,4.000000
N,0.812500,0.111575,1.000000,2.000000
N,1.071429,0.080188,1.000000,4.000000
N,1.062500,0.117248,1.000000,2.000000
N,0.937500,0.071834,2.000000,4.000000
N,0.866667,0.081854,1.000000,4.000000
N,1.294118,0.078567,2.000000,4.000000
N,0.625000,0.092029,3.000000,4.000000
N,1.538462,0.081348,1.000000,4.000000
N,1.062500,0.093867,2.000000,4.000000
N,0.954545,0.071505,2.000000,4.000000
N,0.857143,0.084710,3.000000,4.000000
N,1.357143,0.077195,2.000000,4.000000
N,0.875000,0.102317,1.000000,2.000000
N,1.000000,0.094868,2.000000,4.000000
N,0.900000,0.073369,1.000000,4.000000
N,0.894737,0.099066,1.000000,2.000000
N,1.153846,0.102902,2.000000,3.000000
N,0.500000,0.070850,2.000000,4.000000
N,1.000000,0.080604,1.000000,4.000000
N,1.153846,0.107529,1.000000,4.000000
N,1.052632,0.086178,2.000000,2.000000
N,0.750000,0.078855,2.000000,2.000000
N,0.933333,0.103351,1.000000,4.000000
N,1.250000,0.081750,2.000000,4.000000
N,1.066667,0.118863,2.000000,4.000000
N,0.933333,0.091969,2.000000,2.000000
N,0.684211,0.059695,2.000000,5.000000
N,0.722222,0.082025,2.000000,2.000000
N,1.400000,0.099981,1.000000,4.000000
N,0.888889,0.091363,1.000000,4.000000
N,1.062500,0.080813,3.000000,4.000000
N,1.285714,0.083066,1.000000,6.000000
N,1.153846,0.090941,1.000000,4.000000
N,1.375000,0.079539,2.000000,5.000000
N,1.230769,0.084761,2.000000,4.000000
N,1.062500,0.090722,2.000000,4.000000
N,1.000000,0.086008,1.000000,4.000000
N,1.000000,0.095394,3.000000,3.000000
N,0.900000,0.099098,2.000000,4.000000
N,1.285714,0.073708,3.000000,4.000000
N,1.000000,0.079860,1.000000,3.000000
N,0.700000,0.095152,1.000000,2.000000
N,1.176471,0.093659,1.000000,2.000000
N,0.894737,0.090615,1.000000,2.000000
N,0.642857,0.076471,2.000000,2.000000
N,1.000000,0.075930,1.000000,4.000000
N,0.684211,0.099840,3.000000,4.000000
N,1.307692,0.094211,1.000000,4.000000
N,1.000000,0.101489,2.000000,2.000000
N,0.882353,0.109756,2.000000,4.000000
N,0.708333,0.079139,3.000000,4.000000
N,0.736842,0.101168,2.000000,2.000000
N,1.176471,0.090174,1.000000,3.000000
N,1.133333,0.089686,1.000000,2.000000
N,1.000000,0.088318,1.000000,2.000000
N,1.000000,0.085173,1.000000,2.000000
N,0.928571,0.102062,1.000000,2.000000
N,0.850000,0.075448,1.000000,4.000000
N,0.722222,0.105314,2.000000,4.000000
N,2.576923,0.151940,2.000000,3.000000
N,0.500000,0.111648,2.000000,2.000000
N,0.288136,0.082207,1.000000,2.000000
N,0.913043,0.084764,2.000000,4.000000
N,0.833333,0.082598,2.000000,2.000000
N,0.777778,0.090453,3.000000,3.000000
N,0.393939,0.082533,3.000000,3.000000
N,0.684211,0.104822,1.000000,2.000000
N,0.800000,0.097980,2.000000,4.000000
N,0.793103,0.085898,1.000000,2.000000
N,1.000000,0.102020,1.000000,2.000000
N,0.336207,0.068173,1.000000,2.000000
N,2.826087,0.061642,6.000000,4.000000
N,0.592593,0.072817,2.000000,4.000000
N,2.235294,0.086672,2.000000,6.000000
N,1.266667,0.099586,2.000000,4.000000
N,1.571429,0.071987,2.000000,8.000000
N,1.000000,0.114391,1.000000,2.000000
N,1.615385,0.118322,3.000000,2.000000
N,0.517241,0.068792,1.000000,4.000000
N,0.666667,0.084739,2.000000,3.000000
N,0.542857,0.067391,2.000000,3.000000
N,1.153846,0.086585,1.000000,4.000000
N,1.000000,0.133815,2.000000,2.000000
N,1.538462,0.078947,1.000000,4.000000
N,1.333333,0.101409,2.000000,2.000000
N,2.277778,0.066874,2.000000,6.000000
N,0.812500,0.136277,2.000000,2.000000
N,1.071429,0.090269,2.000000,4.000000
N,1.692308,0.091814,1.000000,4.000000
N,1.058824,0.138321,1.000000,4.000000
N,0.650000,0.086393,2.000000,2.000000
N,1.210526,0.089440,1.000000,2.000000
N,1.000000,0.078797,2.000000,4.000000
N,1.473684,0.078112,1.000000,5.000000
N,1.625000,0.066550,1.000000,7.000000
N,0.888889,0.098809,4.000000,4.000000
N,1.307692,0.099227,2.000000,3.000000
N,0.703704,0.065462,3.000000,4.000000
N,0.806452,0.080879,2.000000,2.000000
N,0.882353,0.103040,1.000000,2.000000
N,0.769231,0.066332,3.000000,7.000000
N,0.583333,0.079873,2.000000,2.000000
N,1.357143,0.086603,1.000000,2.000000
N,1.642857,0.083048,2.000000,4.000000
N,0.625000,0.101637,2.000000,4.000000
N,0.500000,0.076862,2.000000,2.000000
N,0.882353,0.096920,1.000000,2.000000
N,1.142857,0.086977,1.000000,4.000000
N,1.041667,0.083284,2.000000,2.000000
N,0.678571,0.081216,1.000000,2.000000
N,1.461538,0.111677,1.000000,2.000000
N,0.571429,0.072147,1.000000,4.000000
N,0.826087,0.078810,2.000000,4.000000
N,1.842105,0.087470,1.000000,6.000000
N,0.809524,0.074253,2.000000,2.000000
N,0.684211,0.082621,3.000000,4.000000
N,0.821429,0.071239,2.000000,4.000000
N,0.812500,0.088192,1.000000,2.000000
N,1.000000,0.094393,1.000000,4.000000
N,1.142857,0.090267,1.000000,2.000000
N,1.000000,0.081042,2.000000,2.000000
N,0.823529,0.098528,1.000000,2.000000
N,0.764706,0.077586,1.000000,4.000000
N,1.000000,0.095940,1.000000,3.000000
N,1.076923,0.115460,1.000000,2.000000
N,0.650000,0.087670,3.000000,2.000000
N,1.000000,0.107143,1.000000,2.000000
N,1.750000,0.075324,1.000000,8.000000
N,0.842105,0.073636,1.000000,4.000000
N,3.882353,0.072351,2.000000,7.000000
N,0.862069,0.074363,1.000000,4.000000
N,0.550000,0.070050,3.000000,6.000000
N,1.260870,0.082050,2.000000,4.000000
N,1.379310,0.070489,4.000000,4.000000
N,0.875000,0.094701,3.000000,4.000000
N,1.538462,0.085280,2.000000,5.000000
N,0.882353,0.080847,2.000000,2.000000
N,1.000000,0.082317,2.000000,4.000000
N,1.500000,0.077816,2.000000,6.000000
N,1.750000,0.084914,1.000000,4.000000
N,0.730769,0.088782,3.000000,4.000000
N,3.214286,0.080189,3.000000,10.000000
N,1.111111,0.097587,3.000000,4.000000
N,2.333333,0.075396,4.000000,8.000000
N,1.230769,0.090269,1.000000,2.000000
N,0.937500,0.089416,3.000000,4.000000
N,1.571429,0.081017,2.000000,6.000000
N,1.000000,0.076704,2.000000,4.000000
N,0.761905,0.077370,2.000000,3.000000
N,1.000000,0.074074,2.000000,6.000000
N,0.432432,0.071794,2.000000,4.000000
N,1.086957,0.097509,3.000000,6.000000
N,1.076923,0.096437,2.000000,4.000000
N,0.823529,0.100581,2.000000,2.000000
N,1.800000,0.084802,1.000000,6.000000
N,0.944444,0.088352,4.000000,5.000000
N,1.076923,0.096506,1.000000,2.000000
N,0.714286,0.080036,3.000000,6.000000
N,1.466667,0.086358,1.000000,3.000000
N,0.640000,0.105933,2.000000,1.000000
N,2.230769,0.061379,4.000000,12.000000
N,0.944444,0.071507,1.000000,6.000000
N,1.538462,0.103689,1.000000,3.000000
N,0.928571,0.097582,1.000000,2.000000
N,0.875000,0.075652,1.000000,4.000000
N,1.000000,0.089316,1.000000,3.000000
N,1.153846,0.102758,2.000000,4.000000
N,1.307692,0.097500,2.000000,5.000000
N,0.739130,0.073860,3.000000,2.000000
N,0.928571,0.099307,2.000000,2.000000
N,2.866667,0.073307,2.000000,6.000000
N,1.153846,0.110613,2.000000,2.000000
N,2.000000,0.078978,2.000000,4.000000
N,1.080000,0.103489,2.000000,4.000000
N,1.933333,0.117921,1.000000,4.000000
N,1.235294,0.075653,2.000000,5.000000
N,1.150000,0.079049,2.000000,4.000000
N,1.043478,0.091118,2.000000,5.000000
N,1.166667,0.091872,2.000000,2.000000
N,1.066667,0.085981,1.000000,4.000000
N,0.774194,0.079807,1.000000,2.000000
N,0.941176,0.076833,1.000000,4.000000
N,0.750000,0.079470,2.000000,4.000000
N,1.111111,0.094281,1.000000,4.000000
N,2.000000,0.089075,2.000000,4.000000
N,0.857143,0.075081,2.000000,4.000000
N,1.076923,0.089316,3.000000,4.000000
N,1.538462,0.078515,1.000000,5.000000
N,1.600000,0.074948,1.000000,6.000000
N,1.886121,0.040678,252.000000,15.000000
N,1.388889,0.073249,1.000000,6.000000
N,1.045455,0.068430,1.000000,6.000000
N,2.090909,0.067316,3.000000,10.000000
N,1.294118,0.074471,2.000000,4.000000
N,0.565217,0.100782,2.000000,2.000000
N,1.357143,0.093816,3.000000,3.000000
N,1.357143,0.095743,3.000000,5.000000
N,0.666667,0.070850,2.000000,4.000000
N,1.793621,0.046914,126.000000,4.000000
N,0.875000,0.088126,1.000000,4.000000
N,1.142857,0.085898,1.000000,4.000000
N,1.058824,0.092044,1.000000,4.000000
N,1.714286,0.085640,2.000000,4.000000
N,0.700000,0.089886,2.000000,1.000000
N,1.000000,0.083622,3.000000,4.000000
N,1.071429,0.081854,2.000000,3.000000
N,1.350000,0.075000,2.000000,4.000000
N,1.200000,0.071023,1.000000,6.000000
N,1.200000,0.081312,1.000000,4.000000
N,0.882353,0.081944,2.000000,4.000000
N,0.823529,0.105314,1.000000,2.000000
N,1.200000,0.098656,1.000000,2.000000
N,0.937500,0.106230,1.000000,4.000000
N,1.115385,0.070517,3.000000,8.000000
N,1.076923,0.101015,3.000000,4.000000
N,1.384615,0.087401,1.000000,3.000000
N,1.083333,0.095655,2.000000,2.000000
N,0.941176,0.087280,2.000000,2.000000
N,1.076923,0.104257,2.000000,4.000000
N,1.785714,0.109611,1.000000,3.000000
N,1.833333,0.088848,2.000000,5.000000
N,2.357143,0.095879,2.000000,2.000000
N,1.733333,0.078978,1.000000,4.000000
N,1.000000,0.081270,2.000000,4.000000
N,2.052632,0.085651,2.000000,4.000000
N,1.142857,0.090894,1.000000,2.000000
N,0.722222,0.081589,2.000000,2.000000
N,0.842105,0.097586,1.000000,2.000000
N,1.071429,0.131762,1.000000,2.000000
N,0.875000,0.068738,1.000000,4.000000
N,0.764706,0.102062,2.000000,2.000000
N,1.000000,0.104906,1.000000,2.000000
N,0.764706,0.107053,2.000000,2.000000
N,0.761905,0.079495,2.000000,2.000000
N,0.736842,0.076923,2.000000,3.000000
N,1.928571,0.074204,2.000000,6.000000
N,1.222222,0.078260,2.000000,6.000000
N,0.823529,0.087689,1.000000,2.000000
N,2.307692,0.074915,1.000000,4.000000
N,0.551724,0.072502,1.000000,2.000000
N,0.833333,0.085968,1.000000,4.000000
N,1.142857,0.081650,1.000000,6.000000
N,0.750000,0.089886,2.000000,2.000000
N,1.285714,0.088957,1.000000,4.000000
N,0.736842,0.077207,1.000000,4.000000
N,1.277778,0.103445,1.000000,4.000000
N,1.153846,0.080845,1.000000,6.000000
N,0.722222,0.084625,2.000000,2.000000
N,0.888889,0.078947,2.000000,4.000000
N,1.076923,0.102695,2.000000,4.000000
N,0.800000,0.084019,2.000000,4.000000
N,1.153846,0.088305,1.000000,4.000000
N,1.142857,0.115049,2.000000,6.000000
N,0.928571,0.093015,2.000000,4.000000
N,1.720000,0.072391,3.000000,7.000000
N,0.631579,0.071200,2.000000,4.000000
N,0.416667,0.091636,3.000000,2.000000
N,0.619048,0.077262,3.000000,3.000000
N,0.362069,0.069341,1.000000,2.000000
N,1.066667,0.097054,1.000000,2.000000
N,1.615385,0.090248,2.000000,4.000000
N,0.472222,0.076601,2.000000,2.000000
N,1.117647,0.088607,1.000000,4.000000
N,0.652174,0.066769,1.000000,4.000000
N,1.153846,0.102695,1.000000,4.000000
N,1.533333,0.086654,2.000000,4.000000
N,1.857143,0.050512,7.000000,4.000000
N,1.130435,0.075559,2.000000,4.000000
N,1.428571,0.091287,2.000000,4.000000
N,1.117647,0.076547,2.000000,4.000000
N,0.655172,0.095226,1.000000,2.000000
N,1.076923,0.095179,2.000000,6.000000
N,1.100000,0.073886,1.000000,3.000000
N,0.625000,0.082477,2.000000,2.000000
N,1.333333,0.080882,2.000000,6.000000
N,0.666667,0.079680,2.000000,4.000000
N,0.650000,0.080873,2.000000,3.000000
N,0.739130,0.072502,2.000000,4.000000
N,0.944444,0.104561,2.000000,2.000000
N,1.357143,0.075709,2.000000,3.000000
N,3.571429,0.073054,2.000000,8.000000
N,0.875000,0.084853,1.000000,4.000000
N,1.562500,0.089241,2.000000,5.000000
N,0.947368,0.078188,1.000000,2.000000
N,0.636364,0.083326,5.000000,4.000000
N,1.166667,0.086940,2.000000,2.000000
N,1.461538,0.082288,2.000000,3.000000
N,0.866667,0.097754,2.000000,2.000000
N,1.846154,0.079194,2.000000,6.000000
N,0.714286,0.091639,1.000000,3.000000
N,1.052632,0.074182,2.000000,4.000000
N,0.714286,0.086957,3.000000,2.000000
N,1.071429,0.092231,2.000000,3.000000
N,0.793103,0.085105,3.000000,4.000000
N,1.882353,0.078480,1.000000,6.000000
N,1.437500,0.094369,1.000000,4.000000
N,0.952381,0.079197,2.000000,2.000000
N,1.000000,0.082268,1.000000,2.000000
N,0.863636,0.083513,3.000000,4.000000
N,1.466667,0.079046,1.000000,4.000000
N,1.076923,0.091617,2.000000,4.000000
N,1.000000,0.090918,1.000000,2.000000
N,0.700000,0.081240,1.000000,2.000000
N,0.700000,0.078192,1.000000,4.000000
N,0.869565,0.061404,2.000000,5.000000
N,0.842105,0.081663,2.000000,2.000000
N,0.764706,0.101015,1.000000,4.000000
N,1.500000,0.099216,2.000000,2.000000
N,0.655172,0.081025,6.000000,4.000000
N,1.187500,0.119672,2.000000,4.000000
N,2.375000,0.065240,2.000000,7.000000
N,0.245902,0.064195,2.000000,2.000000
N,0.789474,0.078978,1.000000,4.000000
N,0.606061,0.059614,2.000000,4.000000
N,1.357143,0.088838,1.000000,4.000000
N,1.731707,0.068487,6.000000,6.000000
N,0.894737,0.073030,2.000000,2.000000
N,1.538462,0.096600,1.000000,2.000000
N,0.866667,0.087633,1.000000,2.000000
N,1.000000,0.101015,3.000000,4.000000
N,1.071429,0.099796,1.000000,4.000000
N,1.125000,0.083765,1.000000,4.000000
N,1.350000,0.088672,1.000000,2.000000
N,0.687500,0.067249,2.000000,4.000000
N,0.814815,0.081713,4.000000,4.000000
N,0.928571,0.084179,1.000000,4.000000
N,0.535714,0.078188,1.000000,2.000000
N,1.521739,0.063202,4.000000,2.000000
N,0.652174,0.072600,1.000000,3.000000
N,0.600000,0.068623,2.000000,4.000000
N,1.000000,0.096438,2.000000,4.000000
N,1.052632,0.100818,4.000000,4.000000
N,0.812500,0.072362,2.000000,3.000000
N,1.318182,0.080832,3.000000,6.000000
N,0.809524,0.087029,1.000000,2.000000
N,0.530612,0.046197,16.000000,2.000000
N,1.000000,0.079722,2.000000,4.000000
N,1.000000,0.077280,1.000000,4.000000
N,1.538462,0.100000,1.000000,4.000000
N,1.666667,0.085224,1.000000,3.000000
N,0.354167,0.078650,2.000000,2.000000
N,1.000000,0.088235,1.000000,2.000000
N,1.052632,0.085775,1.000000,3.000000
N,1.000000,0.090894,1.000000,4.000000
N,1.000000,0.079570,2.000000,4.000000
N,1.360000,0.073396,2.000000,4.000000
N,1.076923,0.089540,1.000000,4.000000
N,1.214286,0.087779,1.000000,3.000000
N,0.827586,0.059529,2.000000,6.000000
N,1.000000,0.072772,2.000000,4.000000
N,0.809524,0.090490,2.000000,2.000000
N,1.000000,0.082096,2.000000,4.000000
N,1.352941,0.079570,2.000000,4.000000
N,1.000000,0.088755,1.000000,2.000000
N,0.807692,0.059108,2.000000,6.000000
N,1.100000,0.071507,1.000000,4.000000
N,0.909091,0.073886,2.000000,4.000000
N,0.933333,0.101835,1.000000,4.000000
N,0.739130,0.067151,2.000000,4.000000
N,0.756757,0.049722,6.000000,6.000000
N,0.722222,0.098944,1.000000,4.000000
N,2.285714,0.078809,2.000000,2.000000
N,2.214286,0.068718,3.000000,10.000000
N,0.750000,0.073782,1.000000,4.000000
N,0.047799,0.044446,6.000000,2.000000
N,0.481481,0.080484,2.000000,2.000000
N,0.850000,0.101327,3.000000,2.000000
N,2.210526,0.088982,2.000000,6.000000
N,1.357143,0.095690,1.000000,3.000000
N,0.500000,0.067236,2.000000,4.000000
N,0.866667,0.102062,1.000000,2.000000
N,0.642857,0.089731,1.000000,2.000000
N,1.000000,0.066418,3.000000,4.000000
N,1.120370,0.032635,109.000000,8.000000
N,0.965517,0.074966,3.000000,8.000000
N,0.933333,0.093707,1.000000,2.000000
N,1.312500,0.080575,2.000000,6.000000
N,0.875000,0.088117,3.000000,4.000000
N,1.384615,0.088957,3.000000,4.000000
N,0.815789,0.079477,1.000000,4.000000
N,1.142857,0.082754,2.000000,4.000000
N,0.840000,0.078465,5.000000,4.000000
N,1.217391,0.070868,2.000000,6.000000
N,0.760000,0.093943,2.000000,2.000000
N,0.882353,0.085168,2.000000,4.000000
N,4.384615,0.080504,2.000000,6.000000
N,0.818182,0.088192,2.000000,2.000000
N,1.000000,0.032603,28.000000,12.000000
N,1.050000,0.079873,1.000000,4.000000
N,1.000000,0.089540,1.000000,3.000000
N,3.428571,0.086066,1.000000,6.000000
N,1.108108,0.056320,14.000000,9.000000
N,2.153846,0.084739,3.000000,4.000000
N,0.730769,0.096767,2.000000,2.000000
N,1.714286,0.073762,1.000000,6.000000
N,2.066667,0.100664,2.000000,4.000000
N,1.230769,0.119150,2.000000,2.000000
N,2.076923,0.067228,2.000000,8.000000
N,1.000000,0.081967,1.000000,2.000000
N,0.727273,0.104050,2.000000,2.000000
N,1.692308,0.093097,2.000000,6.000000
N,1.384615,0.086029,1.000000,3.000000
N,0.950000,0.087695,1.000000,4.000000
N,0.714286,0.077258,3.000000,4.000000
N,0.454545,0.066322,1.000000,6.000000
N,1.527778,0.061333,5.000000,6.000000
N,1.954545,0.064362,4.000000,4.000000
N,2.333333,0.093749,2.000000,6.000000
N,1.076923,0.083851,2.000000,6.000000
N,1.000000,0.083913,2.000000,4.000000
N,1.904762,0.058869,73.000000,1.000000
N,1.066667,0.092434,1.000000,4.000000
N,0.466667,0.087079,1.000000,1.000000
N,0.833333,0.090289,1.000000,4.000000
N,0.700000,0.076547,2.000000,4.000000
N,1.117647,0.078617,1.000000,4.000000
N,0.703704,0.066946,2.000000,4.000000
N,0.750000,0.079949,2.000000,5.000000
N,1.142857,0.090554,1.000000,4.000000
N,1.050000,0.082479,2.000000,2.000000
N,0.529412,0.060481,2.000000,6.000000
N,1.588235,0.092308,1.000000,4.000000
N,1.125000,0.080174,2.000000,2.000000
N,1.615385,0.081754,4.000000,8.000000
N,1.285714,0.081216,3.000000,6.000000
N,0.761905,0.079287,1.000000,4.000000
N,0.600000,0.061069,2.000000,6.000000
N,1.250000,0.089726,2.000000,6.000000
N,1.050000,0.070652,7.000000,2.000000
N,1.037037,0.078166,3.000000,4.000000
N,1.090909,0.086897,1.000000,2.000000
N,1.928571,0.081663,1.000000,4.000000
N,1.000000,0.081819,1.000000,6.000000
N,0.663866,0.047673,23.000000,8.000000
N,0.612903,0.100847,7.000000,3.000000
N,0.764706,0.075498,1.000000,2.000000
N,3.050000,0.071057,3.000000,9.000000
N,1.450000,0.099704,1.000000,2.000000
N,1.235294,0.082294,1.000000,4.000000
N,2.777778,0.056283,3.000000,12.000000
N,1.263158,0.087558,2.000000,4.000000
N,1.720000,0.070073,2.000000,5.000000
N,1.428571,0.076923,2.000000,4.000000
N,1.714286,0.073466,1.000000,5.000000
N,1.428571,0.082236,3.000000,6.000000
N,0.700000,0.073708,4.000000,4.000000
N,1.250000,0.089686,1.000000,3.000000
N,0.935484,0.072873,1.000000,4.000000
N,1.400000,0.089173,1.000000,3.000000
N,0.700000,0.085463,2.000000,4.000000
N,2.452107,0.024737,528.000000,11.000000
N,0.941176,0.084788,1.000000,4.000000
N,1.000000,0.089440,4.000000,6.000000
N,0.566667,0.068964,2.000000,4.000000
N,1.187500,0.086358,2.000000,4.000000
N,1.133333,0.077139,1.000000,4.000000
N,1.200000,0.095672,1.000000,4.000000
N,1.058824,0.084019,2.000000,4.000000
N,0.750000,0.087033,3.000000,2.000000
N,0.650000,0.075920,2.000000,4.000000
N,1.117647,0.079931,2.000000,3.000000
N,1.428571,0.089854,2.000000,2.000000
N,1.071429,0.111665,2.000000,4.000000
N,1.062500,0.098944,1.000000,2.000000
N,0.666667,0.071792,1.000000,4.000000
N,0.750000,0.092490,1.000000,4.000000
N,1.600000,0.085640,1.000000,4.000000
N,0.700000,0.106572,3.000000,2.000000
N,18.333334,0.094528,3.000000,2.000000
N,1.000000,0.076460,2.000000,4.000000
N,1.312500,0.102365,3.000000,4.000000
N,2.923077,0.081352,2.000000,6.000000
N,0.636364,0.086201,1.000000,4.000000
N,0.935484,0.073701,2.000000,4.000000
N,1.643678,0.117192,7.000000,6.000000
N,1.600000,0.089803,2.000000,6.000000
N,11.216418,0.043632,508.000000,18.000000
N,1.000000,0.074350,1.000000,4.000000
N,0.640000,0.105992,2.000000,2.000000
N,0.619048,0.093523,1.000000,3.000000
N,1.260870,0.101986,3.000000,3.000000
N,0.840000,0.066205,2.000000,6.000000
N,1.285714,0.081223,2.000000,4.000000
N,1.037037,0.071552,2.000000,6.000000
N,0.826087,0.067901,2.000000,4.000000
N,0.757576,0.068084,1.000000,4.000000
N,0.500000,0.065406,2.000000,3.000000
N,1.533333,0.053325,14.000000,10.000000
N,2.312500,0.058593,2.000000,7.000000
N,0.950000,0.080174,2.000000,6.000000
N,1.062500,0.092128,2.000000,2.000000
N,1.769231,0.069877,2.000000,7.000000
N,0.520000,0.082600,4.000000,4.000000
N,0.783784,0.087330,3.000000,4.000000
N,1.000000,0.091406,1.000000,4.000000
N,0.736842,0.071603,1.000000,4.000000
N,0.906250,0.072947,2.000000,4.000000
N,1.076923,0.069964,3.000000,6.000000
N,0.750000,0.069597,2.000000,3.000000
N,1.692308,0.107864,3.000000,4.000000
N,1.857143,0.063603,1.000000,10.000000
N,0.928571,0.099304,1.000000,2.000000
N,2.818182,0.065734,3.000000,6.000000
N,0.941176,0.095330,2.000000,2.000000
N,1.000000,0.103098,2.000000,4.000000
N,1.187500,0.078852,1.000000,4.000000
N,2.235294,0.076633,2.000000,4.000000
N,0.958333,0.077560,1.000000,2.000000
N,0.875000,0.097341,1.000000,4.000000
N,0.666667,0.078382,10.000000,4.000000
N,1.285714,0.081776,1.000000,4.000000
N,1.550000,0.071381,2.000000,6.000000
N,0.937500,0.093955,1.000000,2.000000
N,0.772727,0.083533,2.000000,4.000000
N,1.058824,0.085168,3.000000,3.000000
N,0.666667,0.068806,3.000000,4.000000
N,1.823529,0.099232,2.000000,2.000000
N,0.823529,0.087401,1.000000,3.000000
N,1.400000,0.117504,1.000000,2.000000
N,1.750000,0.077073,2.000000,6.000000
N,1.000000,0.088370,1.000000,3.000000
N,1.066667,0.113093,2.000000,2.000000
N,2.894737,0.075656,1.000000,6.000000
N,1.250000,0.088661,2.000000,2.000000
N,1.000000,0.116203,1.000000,2.000000
N,0.739130,0.080320,4.000000,5.000000
N,0.629630,0.069928,2.000000,4.000000
N,1.615385,0.102550,1.000000,4.000000
N,1.384615,0.081726,2.000000,4.000000
N,1.133333,0.093225,1.000000,4.000000
N,1.615385,0.089000,1.000000,5.000000
N,1.166667,0.079549,2.000000,4.000000
N,1.307692,0.094211,2.000000,2.000000
N,2.500000,0.069352,2.000000,6.000000
N,0.517241,0.072101,2.000000,2.000000
N,0.600000,0.058858,11.000000,4.000000
N,0.308824,0.062562,14.000000,4.000000
N,0.627907,0.103826,9.000000,4.000000
N,1.266667,0.085498,2.000000,4.000000
N,1.590909,0.081703,2.000000,4.000000
N,1.000000,0.112436,1.000000,2.000000
N,1.333333,0.092231,1.000000,2.000000
N,1.266667,0.081565,2.000000,3.000000
N,2.333333,0.078704,5.000000,4.000000
N,1.352941,0.072514,2.000000,4.000000
N,1.647059,0.082649,2.000000,4.000000
N,0.777778,0.081556,2.000000,4.000000
N,0.680000,0.101267,2.000000,4.000000
N,2.294118,0.073201,1.000000,6.000000
N,0.511111,0.065920,3.000000,4.000000
N,1.600000,0.072060,3.000000,8.000000
N,0.875000,0.082298,3.000000,4.000000
N,1.071429,0.091442,1.000000,4.000000
N,0.457627,0.082427,1.000000,2.000000
N,1.333333,0.117021,1.000000,2.000000
N,1.391304,0.071794,2.000000,4.000000
N,1.294118,0.072725,1.000000,5.000000
N,1.062500,0.074947,1.000000,4.000000
N,1.000000,0.081643,3.000000,4.000000
N,0.619048,0.092195,1.000000,2.000000
N,0.888889,0.074116,1.000000,4.000000
N,2.038461,0.062270,27.000000,12.000000
N,1.142857,0.103528,1.000000,2.000000
N,1.461538,0.097604,3.000000,5.000000
N,1.200000,0.106500,1.000000,2.000000
N,0.851852,0.075786,1.000000,4.000000
N,1.076923,0.097638,2.000000,2.000000
N,1.285714,0.081818,1.000000,4.000000
N,1.357143,0.072044,2.000000,4.000000
N,1.230769,0.080050,1.000000,4.000000
N,1.000000,0.097500,2.000000,2.000000
N,0.933333,0.085947,3.000000,2.000000
N,0.933333,0.093955,1.000000,3.000000
N,0.866667,0.088971,1.000000,2.000000
N,1.133333,0.083749,2.000000,6.000000
N,1.000000,0.102564,1.000000,4.000000
N,0.761905,0.090174,1.000000,2.000000
N,1.214286,0.107143,1.000000,2.000000
N,1.294118,0.084800,1.000000,4.000000
N,1.133333,0.091558,2.000000,2.000000
N,0.875000,0.087178,2.000000,2.000000
N,0.928571,0.109731,1.000000,2.000000
N,1.357143,0.089731,3.000000,4.000000
N,0.791667,0.074742,2.000000,2.000000
N,1.538462,0.083992,2.000000,6.000000
N,0.850000,0.103807,1.000000,2.000000
N,0.369565,0.087818,7.000000,4.000000
N,0.933333,0.105544,2.000000,3.000000
N,1.176471,0.077465,2.000000,4.000000
N,0.809524,0.074580,1.000000,3.000000
N,1.212121,0.079610,3.000000,2.000000
N,1.533333,0.078068,1.000000,4.000000
N,0.866667,0.101760,1.000000,2.000000
N,0.650000,0.106600,1.000000,2.000000
N,0.866667,0.088192,1.000000,4.000000
N,0.941176,0.104347,1.000000,3.000000
N,0.793103,0.107969,1.000000,2.000000
N,1.066667,0.110314,1.000000,2.000000
N,1.000000,0.100924,2.000000,4.000000
N,1.000000,0.090909,1.000000,2.000000
N,1.615385,0.097365,1.000000,3.000000
N,0.700000,0.102581,3.000000,2.000000
N,0.947368,0.096438,2.000000,2.000000
N,0.772727,0.070244,2.000000,4.000000
N,2.285714,0.099019,4.000000,4.000000
N,0.735294,0.073450,1.000000,2.000000
N,1.312500,0.101379,3.000000,4.000000
N,1.034483,0.079127,2.000000,2.000000
N,2.692308,0.108733,2.000000,2.000000
N,0.777778,0.135809,1.000000,2.000000
N,1.142857,0.101015,1.000000,2.000000
N,0.541667,0.092358,1.000000,2.000000
N,1.052632,0.110969,2.000000,3.000000
N,0.812500,0.109079,1.000000,2.000000
N,1.357143,0.116381,1.000000,2.000000
N,0.695652,0.086709,1.000000,2.000000
N,0.619048,0.125708,1.000000,2.000000
N,0.636364,0.094393,1.000000,2.000000
N,1.000000,0.091856,1.000000,2.000000
N,2.071429,0.080302,3.000000,8.000000
N,1.071429,0.082609,1.000000,4.000000
N,0.692308,0.070921,3.000000,6.000000
N,1.461538,0.084380,1.000000,4.000000
N,0.727273,0.083718,1.000000,4.000000
N,1.333333,0.086577,2.000000,4.000000
N,0.677419,0.101770,2.000000,2.000000
N,0.894737,0.084863,1.000000,3.000000
N,1.000000,0.127475,1.000000,4.000000
N,0.875000,0.093955,1.000000,2.000000
N,0.457143,0.086957,3.000000,2.000000
N,1.384615,0.095380,1.000000,4.000000
N,1.076923,0.101921,2.000000,2.000000
N,0.947368,0.081520,2.000000,4.000000
N,2.076923,0.099914,2.000000,4.000000
N,1.062500,0.091998,1.000000,4.000000
N,0.937500,0.087352,2.000000,2.000000
N,1.000000,0.072923,2.000000,6.000000
N,1.384615,0.079253,1.000000,4.000000
N,1.166667,0.077629,2.000000,6.000000
N,0.937500,0.090003,2.000000,4.000000
N,1.631579,0.115287,3.000000,4.000000
N,1.076923,0.101550,1.000000,4.000000
N,1.000000,0.078730,1.000000,4.000000
N,2.133333,0.081643,2.000000,4.000000
N,1.142857,0.089293,2.000000,6.000000
N,1.076923,0.091558,1.000000,4.000000
N,0.882353,0.090722,3.000000,4.000000
N,1.000000,0.086603,1.000000,6.000000
N,1.888889,0.076852,1.000000,6.000000
N,1.294118,0.093220,2.000000,2.000000
N,1.357143,0.090696,2.000000,4.000000
N,0.909091,0.074756,2.000000,4.000000
N,1.285714,0.089072,2.000000,4.000000
N,0.760000,0.077146,2.000000,2.000000
N,1.000000,0.088957,2.000000,6.000000
N,1.000000,0.100615,1.000000,2.000000
N,2.153846,0.078693,3.000000,6.000000
N,0.850000,0.066015,2.000000,6.000000
N,0.764706,0.088957,1.000000,2.000000
N,0.954545,0.109608,1.000000,2.000000
N,1.125000,0.087071,1.000000,2.000000
N,1.133333,0.084965,1.000000,4.000000
N,1.086957,0.096225,3.000000,4.000000
N,0.866667,0.096600,3.000000,3.000000
N,1.769231,0.078567,1.000000,3.000000
N,2.357143,0.079502,2.000000,6.000000
N,1.428571,0.083333,2.000000,4.000000
N,0.619048,0.090738,2.000000,4.000000
N,0.736842,0.076511,3.000000,4.000000
N,1.466667,0.083101,1.000000,4.000000
N,1.285714,0.088192,2.000000,4.000000
N,1.000000,0.087772,1.000000,3.000000
N,0.933333,0.112737,2.000000,2.000000
N,1.227273,0.086603,2.000000,2.000000
N,0.947368,0.089169,2.000000,2.000000
N,0.736842,0.086746,3.000000,4.000000
N,1.166667,0.082065,1.000000,4.000000
N,1.769231,0.089456,2.000000,4.000000
N,0.708333,0.075154,2.000000,4.000000
N,0.920000,0.101369,1.000000,3.000000
N,1.100000,0.077455,2.000000,4.000000
N,0.777778,0.093597,1.000000,4.000000
N,2.230769,0.109050,2.000000,4.000000
N,1.785714,0.082731,2.000000,6.000000
N,0.652174,0.086897,1.000000,4.000000
N,1.461538,0.085589,2.000000,4.000000
N,1.052632,0.077345,2.000000,4.000000
N,1.166667,0.091278,1.000000,4.000000
N,1.461538,0.100460,2.000000,4.000000
N,1.076923,0.109076,2.000000,4.000000
N,1.133333,0.099824,2.000000,6.000000
N,1.277778,0.074471,2.000000,3.000000
N,0.823529,0.083757,2.000000,4.000000
N,1.312500,0.087773,2.000000,4.000000
N,0.736842,0.083048,2.000000,4.000000
N,1.692308,0.094491,2.000000,2.000000
N,2.000000,0.083906,2.000000,4.000000
N,0.842105,0.071509,2.000000,4.000000
N,0.904762,0.079842,3.000000,4.000000
N,0.833333,0.077555,2.000000,5.000000
N,3.538461,0.087756,1.000000,6.000000
N,1.230769,0.090069,2.000000,2.000000
N,0.750000,0.083576,2.000000,2.000000
N,1.235294,0.086201,2.000000,3.000000
N,1.357143,0.089039,2.000000,4.000000
N,0.823529,0.098465,1.000000,2.000000
N,0.952381,0.067586,1.000000,6.000000
N,1.071429,0.090120,2.000000,3.000000
N,1.307692,0.120594,1.000000,2.000000
N,1.388889,0.090444,3.000000,4.000000
N,1.111111,0.065996,2.000000,6.000000
N,1.615385,0.103291,1.000000,4.000000
N,0.684211,0.098996,3.000000,4.000000
N,0.789474,0.075755,2.000000,4.000000
N,0.695652,0.099108,2.000000,4.000000
N,1.041667,0.059774,2.000000,6.000000
N,0.882353,0.119183,1.000000,4.000000
N,0.651163,0.072751,2.000000,2.000000
N,0.642857,0.085887,1.000000,3.000000
N,1.052632,0.106948,1.000000,2.000000
N,0.761905,0.089285,3.000000,4.000000
N,0.888889,0.078166,1.000000,2.000000
N,0.875000,0.094810,3.000000,4.000000
N,1.076923,0.106572,1.000000,4.000000
N,0.812500,0.093351,3.000000,4.000000
N,1.384615,0.105409,2.000000,4.000000
N,0.696970,0.066372,2.000000,4.000000
N,1.076923,0.087994,2.000000,4.000000
N,1.857143,0.107967,1.000000,6.000000
N,1.214286,0.084964,2.000000,6.000000
N,1.000000,0.072502,1.000000,6.000000
N,0.941176,0.083851,1.000000,4.000000
N,1.142857,0.080357,1.000000,4.000000
N,0.866667,0.107583,1.000000,2.000000
N,0.681818,0.078567,3.000000,2.000000
N,0.636364,0.048665,5.000000,4.000000
N,1.785714,0.137010,2.000000,2.000000
N,0.514286,0.078500,6.000000,4.000000
N,1.142857,0.065764,2.000000,6.000000
N,1.000000,0.122035,2.000000,2.000000
N,0.777778,0.089581,1.000000,2.000000
N,1.500000,0.101036,3.000000,4.000000
N,2.866667,0.065587,2.000000,12.000000
N,1.733333,0.106061,3.000000,4.000000
N,0.625000,0.074403,1.000000,2.000000
N,1.000000,0.082065,2.000000,4.000000
N,0.694444,0.100000,1.000000,2.000000
N,0.833333,0.073450,1.000000,3.000000
N,1.294118,0.104447,1.000000,3.000000
N,1.055556,0.079263,2.000000,4.000000
N,1.500000,0.060335,1225.000000,2.000000
N,1.562500,0.078508,2.000000,4.000000
N,0.196970,0.065507,3.000000,2.000000
N,0.952381,0.108432,2.000000,2.000000
N,5.000000,0.073951,2.000000,11.000000
N,1.153846,0.093747,1.000000,2.000000
N,1.375000,0.082783,1.000000,4.000000
N,1.538462,0.079672,2.000000,5.000000
N,3.055556,0.083170,1.000000,4.000000
N,0.612903,0.066235,2.000000,3.000000
N,0.750000,0.084921,1.000000,2.000000
N,0.736842,0.081348,1.000000,2.000000
N,0.666667,0.080169,3.000000,4.000000
N,1.235294,0.079871,1.000000,4.000000
N,1.166667,0.084998,2.000000,3.000000
N,1.277778,0.101921,2.000000,2.000000
N,1.000000,0.080188,1.000000,3.000000
N,0.500000,0.082090,1.000000,4.000000
N,0.823529,0.078459,2.000000,4.000000
N,1.500000,0.098080,1.000000,2.000000
N,1.733333,0.086897,2.000000,6.000000
N,1.000000,0.081556,1.000000,2.000000
N,3.692308,0.082687,1.000000,6.000000
N,1.000000,0.083280,2.000000,4.000000
N,1.277778,0.093426,3.000000,4.000000
N,2.307692,0.070622,2.000000,6.000000
N,0.807692,0.072600,2.000000,4.000000
N,1.473684,0.069625,2.000000,8.000000
N,5.944445,0.077864,4.000000,10.000000
N,1.000000,0.091538,2.000000,2.000000
N,1.133333,0.085794,1.000000,4.000000
N,1.125000,0.087517,3.000000,4.000000
N,0.720000,0.071562,3.000000,4.000000
N,1.000000,0.089000,2.000000,4.000000
N,0.812500,0.078188,3.000000,4.000000
N,0.761905,0.087132,1.000000,2.000000
N,0.722222,0.088585,3.000000,6.000000
N,0.875000,0.100455,1.000000,2.000000
N,1.105263,0.072440,2.000000,4.000000
N,2.769231,0.086589,4.000000,6.000000
N,0.840000,0.076922,2.000000,4.000000
N,1.000000,0.092490,2.000000,4.000000
N,0.761905,0.075519,2.000000,6.000000
N,0.619048,0.071668,1.000000,2.000000
N,0.814815,0.087726,5.000000,4.000000
N,0.687500,0.065713,2.000000,4.000000
N,0.466667,0.093081,2.000000,3.000000
N,0.281250,0.041097,7.000000,2.000000
N,1.875000,0.084122,2.000000,4.000000
N,0.555556,0.068900,2.000000,4.000000
N,0.682243,0.024722,44.000000,10.000000
N,1.142857,0.098862,1.000000,4.000000
N,0.866667,0.082298,2.000000,4.000000
